subclass,n_cells,cell_class,neurotransmitter,n_partitions,mean_Kif13a,fraction_expressing
327 Oligo NN,371211,31 OPC-Oligo,,13,7.765019914220215,0.9250264674268812
326 OPC NN,106459,31 OPC-Oligo,,13,6.764457360101072,0.850797020449187
145 MH Tac2 Glut,4662,17 MH-LH Glut,Chol,5,6.757697807872158,0.9163449163449163
298 PRP Gata3 Slc6a5 Gly-Gaba,716,27 MY GABA,GABA-Glyc,2,6.679214888268157,0.9399441340782121
251 NTS Dbh Glut,1725,24 MY Glut,Glut,4,6.041827412289855,0.8782608695652174
294 MV Pax6 Gly-Gaba,623,27 MY GABA,GABA-Glyc,3,5.679213168218299,0.8747993579454254
292 MV Nkx6-1 Gly-Gaba,1271,27 MY GABA,GABA-Glyc,2,5.667426185680566,0.909520062942565
287 MV-SPIV-PRP Dmbx1 Gly-Gaba,875,27 MY GABA,GABA-Glyc,4,5.661107027771428,0.8822857142857143
283 PRP Otp Gly-Gaba,2312,27 MY GABA,GABA-Glyc,2,5.643603335640138,0.8680795847750865
129 VMH Nr5a1 Glut,3793,14 HY Glut,Glut,4,5.596371214025836,0.8589506986554178
128 VMH Fezf1 Glut,1286,14 HY Glut,Glut,2,5.5790575587091755,0.8755832037325039
034 NP PPP Glut,536,02 NP-CT-L6b Glut,Glut,2,5.512645689365672,0.875
291 NTS-MDRNd Prox1 Zic1 Gly-Gaba,607,27 MY GABA,GABA-Glyc,2,5.408853546952224,0.8336079077429983
126 ARH-PVp Tbx3 Glut,2193,14 HY Glut,Glut,4,5.408051833971728,0.8549931600547196
257 SPVC Ccdc172 Glut,592,24 MY Glut,Glut,1,5.404148,0.7753378378378378
144 MM Foxb1 Glut,5855,16 HY MM Glut,Glut,3,5.40128637233134,0.8695132365499573
140 PMd-LHA Foxb1 Glut,1289,14 HY Glut,Glut,4,5.394826210628393,0.8502715283165244
246 CU-ECU-SPVI Foxb1 Glut,1659,24 MY Glut,Glut,4,5.373385795177819,0.8625678119349005
329 ABC NN,824,33 Vascular,,9,5.370262845388349,0.7354368932038835
197 SNr Six3 Gaba,1418,20 MB GABA,GABA,2,5.342422598166432,0.892101551480959
248 MV-SPIV Zic4 Neurod2 Glut,1973,24 MY Glut,Glut,3,5.336755669488089,0.8550430816016219
293 PAS-MV Ebf2 Gly-Gaba,4509,27 MY GABA,GABA-Glyc,4,5.313934810955866,0.8272344200487914
139 PH-LHA Foxb1 Glut,2145,14 HY Glut,Glut,6,5.287605897249417,0.8391608391608392
143 MM-ant Foxb1 Glut,2746,16 HY MM Glut,Glut,4,5.267151498324837,0.8415877640203933
103 PVHd-DMH Lhx6 Gaba,1666,12 HY GABA,GABA,5,5.25058140942377,0.8331332533013205
314 CB Granule Glut,133778,29 CB Glut,Glut,5,5.213353685630671,0.6654532135328679
243 PGRN-PARN-MDRN Hoxb5 Glut,3564,24 MY Glut,Glut,5,5.182288065207632,0.8372615039281706
238 NTS Phox2b Glut,5226,24 MY Glut,Glut,2,5.1785366902985075,0.8067355530042097
132 AHN-RCH-LHA Otp Fezf1 Glut,1882,14 HY Glut,Glut,6,5.171220831827843,0.842720510095643
214 IPN Otp Crisp1 Gaba,3087,20 MB GABA,GABA,3,5.133808227858762,0.7952704891480402
164 APN C1ql4 Glut,2099,19 MB Glut,Glut,4,5.101512344830871,0.7965697951405432
148 AV Col27a1 Glut,3425,18 TH Glut,Glut,4,5.058398011737226,0.877956204379562
247 MV-SPIV Phox2b Ebf3 Lbx1 Glut,768,24 MY Glut,Glut,2,5.055110953125,0.7942708333333334
322 Tanycyte NN,1004,30 Astro-Epen,,4,5.04447215816733,0.6852589641434262
200 PAG-ND-PCG Onecut1 Gaba,1702,20 MB GABA,GABA,4,5.033577967097532,0.8225616921269095
270 LDT-DTN Gata3 Nfix Gaba,800,26 P GABA,GABA,4,5.0324899725000005,0.83375
031 CT SUB Glut,1951,02 NP-CT-L6b Glut,Glut,3,5.0307754597642225,0.8124038954382368
156 MB-ant-ve Dmrta2 Glut,542,19 MB Glut,Glut,6,5.030028789852399,0.8413284132841329
237 PRP-NI-PRNc-GRN Otp Glut,1275,24 MY Glut,Glut,3,5.025811823372549,0.807843137254902
264 PRNc Otp Gly-Gaba,1943,26 P GABA,GABA-Glyc,4,5.018579577354607,0.8069994853319609
160 PAG-SC Neurod2 Meis2 Glut,2216,19 MB Glut,Glut,5,5.002568691832131,0.7788808664259927
175 SC Bnc2 Glut,1129,19 MB Glut,Glut,1,4.984948,0.7803365810451727
267 CS-PRNr-PCG Tmem163 Otp Gaba,1191,26 P GABA,GABA,4,4.980223737699412,0.7959697732997482
277 DTN-LDT-IPN Otp Pax3 Gaba,4055,26 P GABA,GABA,3,4.939940250406905,0.7718865598027127
124 MPN-MPO-PVpo Hmx2 Glut,2942,14 HY Glut,Glut,5,4.932734414072059,0.8076138681169273
095 DMH Prdm13 Gaba,1426,12 HY GABA,GABA,4,4.909536312272089,0.7468443197755961
193 MRN-PPN-CUN Pax8 Gaba,910,20 MB GABA,GABA,3,4.9082120783516485,0.7725274725274726
102 DMH-LHA Gsx1 Gaba,3497,12 HY GABA,GABA,6,4.887739479525307,0.7806691449814126
154 PF Fzd5 Glut,2703,18 TH Glut,Glut,4,4.886765109285979,0.8261191268960414
192 PPN-CUN-PCG Otp En1 Gaba,1296,20 MB GABA,GABA,4,4.877574352006173,0.7716049382716049
272 LDT-PCG-CS Gata3 Lhx1 Gaba,1107,26 P GABA,GABA,3,4.8600915361336945,0.7985546522131888
271 NI-RPO Gata3 Nr4a2 Gaba,951,26 P GABA,GABA,3,4.857361367402733,0.7875920084121977
123 DMH Nkx2-4 Glut,2165,14 HY Glut,Glut,2,4.830168341154734,0.7325635103926097
275 PDTg Otp Olig3 Gaba,1105,26 P GABA,GABA,3,4.828784452579186,0.7873303167420814
146 LH Pou4f1 Sox1 Glut,1413,17 MH-LH Glut,Glut,4,4.819603924769994,0.7876857749469215
099 SBPV-PVa Six6 Satb2 Gaba,1754,12 HY GABA,GABA,3,4.817880724515394,0.7611174458380844
269 LDT Fgf7 Gaba,518,26 P GABA,GABA,3,4.817842577606178,0.7953667953667953
134 PH-ant-LHA Otp Bsx Glut,3519,14 HY Glut,Glut,7,4.81205645069622,0.7868712702472294
166 MRN Pou3f1 C1ql4 Glut,561,19 MB Glut,Glut,2,4.809231432085562,0.7932263814616756
162 CUN Evx2 Lhx2 Glut,2308,19 MB Glut,Glut,3,4.80508876347487,0.7790294627383015
245 SPVI-SPVC Tlx3 Ebf3 Glut,2950,24 MY Glut,Glut,3,4.80229300759322,0.763728813559322
097 PVHd-SBPV Six3 Prox1 Gaba,1905,12 HY GABA,GABA,7,4.8001386253018365,0.7627296587926509
108 ARH-PVp Tbx3 Gaba,1749,12 HY GABA,GABA,4,4.797431749056605,0.7712978845054317
098 AHN-SBPV-PVHd Pdrm12 Gaba,2915,12 HY GABA,GABA,5,4.794875217941681,0.7656946826758148
263 CS-RPO Meis2 Gaba,1522,26 P GABA,GABA,3,4.794762600788436,0.7647831800262812
100 AHN Onecut3 Gaba,1122,12 HY GABA,GABA,3,4.783795751336898,0.785204991087344
258 SPVC Nmu Glut,960,24 MY Glut,Glut,1,4.7721925,0.7354166666666667
212 SCs Lef1 Gli3 Gaba,1349,20 MB GABA,GABA,2,4.7710608828762044,0.7242401779095626
101 ZI Pax6 Gaba,6570,12 HY GABA,GABA,7,4.769509298493151,0.776103500761035
135 STN-PSTN Pitx2 Glut,3251,14 HY Glut,Glut,6,4.768354658997231,0.8046754844663181
276 LDT-PCG St18 Gaba,1091,26 P GABA,GABA,4,4.766043290284143,0.7598533455545371
117 LHA Barhl2 Glut,778,13 CNU-HYa Glut,Glut,8,4.765489179691516,0.7827763496143959
285 MY Lhx1 Gly-Gaba,2455,27 MY GABA,GABA,5,4.761133768839104,0.7963340122199593
235 PG-TRN-LRN Fat2 Glut,3889,23 P Glut,Glut,5,4.756499442041656,0.8079197737207509
229 PB-NTS Phox2b Ebf3 Lmx1b Glut,883,23 P Glut,Glut,3,4.753203264665912,0.782559456398641
295 CBN Dmbx1 Gaba,3641,27 MY GABA,GABA,4,4.751001994507004,0.784674539961549
161 PAG Pou4f3 Glut,3090,19 MB Glut,Glut,2,4.745617904207119,0.7644012944983819
171 PAG Pou4f1 Bnc2 Glut,1973,19 MB Glut,Glut,3,4.740257059706031,0.7729346173340091
107 DMH Hmx2 Gaba,3333,12 HY GABA,GABA,5,4.734984609510951,0.7755775577557755
224 PCG-PRNr Vsx2 Nkx6-1 Glut,1912,23 P Glut,Glut,3,4.726149527458159,0.7698744769874477
199 PAG-MRN-RN Foxa2 Gaba,1599,20 MB GABA,GABA,3,4.718408177923702,0.7879924953095685
201 PAG-RN Nkx2-2 Otx1 Gaba,3440,20 MB GABA,GABA-Glyc,4,4.698692105523255,0.7709302325581395
104 TU-ARH Otp Six6 Gaba,3511,12 HY GABA,GABA,3,4.688263650156651,0.779549985759043
273 PDTg-PCG Pax6 Gaba,3086,26 P GABA,GABA,3,4.670260961179521,0.7508101101749838
125 DMH Hmx2 Glut,1287,14 HY Glut,Glut,6,4.669597322921523,0.7668997668997669
093 RT-ZI Gnb3 Gaba,3943,12 HY GABA,GABA,6,4.658206196931271,0.7722546284554908
167 PRC-PAG Tcf7l2 Irx2 Glut,2972,19 MB Glut,Glut,7,4.64271063923284,0.753028263795424
138 PH Pitx2 Glut,986,14 HY Glut,Glut,8,4.640082831237322,0.781947261663286
170 PAG-MRN Tfap2b Glut,3632,19 MB Glut,Glut,6,4.639798919383259,0.7670704845814978
195 SNr-VTA Pax5 Npas1 Gaba,753,20 MB GABA,GABA,5,4.628655934926959,0.8406374501992032
137 PH-an Pitx2 Glut,513,14 HY Glut,Glut,4,4.618056229434698,0.7524366471734892
180 SCiw Pitx2 Glut,3419,19 MB Glut,Glut,5,4.607646419830361,0.7554840596665692
228 PSV Pvalb Lhx2 Glut,1052,23 P Glut,Glut,4,4.587401291920152,0.7461977186311787
105 TMd-DMH Foxd2 Gaba,1141,12 HY GABA,GABA,2,4.583016510078878,0.7414548641542507
141 PH-SUM Foxa1 Glut,1464,14 HY Glut,Glut,5,4.579507249385246,0.7752732240437158
150 CM-IAD-CL-PCN Sema5b Glut,5234,18 TH Glut,Glut,4,4.578996540695452,0.8011081390905617
106 PVpo-VMPO-MPN Hmx2 Gaba,3770,12 HY GABA,GABA,4,4.578652188328912,0.7726790450928382
149 PVT-PT Ntrk1 Glut,6065,18 TH Glut,Glut,4,4.568469504369332,0.7873042044517725
159 IF-RL-CLI-PAG Foxa1 Glut,1560,19 MB Glut,Glut,3,4.564542584615384,0.7352564102564103
011 L2 IT ENT-po Glut,848,01 IT-ET Glut,Glut,2,4.558845718160377,0.8183962264150944
089 PVR Six3 Sox3 Gaba,2720,11 CNU-HYa GABA,GABA,3,4.547657265514705,0.7242647058823529
177 SCig-an-PPT Foxb1 Glut,2095,19 MB Glut,Glut,2,4.546263511789976,0.7236276849642005
205 SC-PAG Lef1 Emx2 Gaba,6341,20 MB GABA,GABA,4,4.532238846175682,0.7211796246648794
209 SCs Pax7 Nfia Gaba,2337,20 MB GABA,GABA,4,4.523936038254171,0.6863500213949508
173 PAG Pou4f2 Glut,6280,19 MB Glut,Glut,5,4.517861036464968,0.7378980891719745
221 LDT-PCG Vsx2 Lhx4 Glut,5207,23 P Glut,Glut,4,4.514764042788554,0.7211446130209334
174 PAG Pou4f2 Mesi2 Glut,4963,19 MB Glut,Glut,2,4.512619528974411,0.7451138424340117
029 L6b CTX Glut,2433,02 NP-CT-L6b Glut,Glut,7,4.511250296876284,0.7307850390464448
169 PAG-SC Pou4f1 Zic1 Glut,4159,19 MB Glut,Glut,4,4.510905590718922,0.740322192834816
165 PAG-MRN Pou3f1 Glut,3131,19 MB Glut,Glut,5,4.504173956978601,0.7563078888534015
213 SCsg Gabrr2 Gaba,8980,20 MB GABA,GABA,8,4.500414143997772,0.7079064587973274
176 SCig Foxb1 Glut,4667,19 MB Glut,Glut,3,4.49806405228198,0.7171630597814442
222 PB Evx2 Glut,4186,23 P Glut,Glut,6,4.495154857142857,0.7663640707118968
109 LGv-ZI Otx2 Gaba,2906,12 HY GABA,GABA,7,4.463920175017206,0.7219545767377838
220 PB Pax5 Glut,592,23 P Glut,Glut,4,4.461867672466216,0.7331081081081081
032 L5 NP CTX Glut,11653,02 NP-CT-L6b Glut,Glut,6,4.449599599304901,0.6757916416373466
086 MPO-ADP Lhx8 Gaba,2008,11 CNU-HYa GABA,GABA,5,4.438331809063746,0.7280876494023905
225 PRNc-NI-SG-RPO Vsx2 Nr4a2 Glut,1178,23 P Glut,Glut,3,4.435062354414262,0.7062818336162988
217 PB Lmx1a Glut,2422,23 P Glut,Glut,5,4.4349319940545,0.763418662262593
206 SCm-PAG Cdh23 Gaba,4424,20 MB GABA,GABA,6,4.431648755221519,0.7081826401446655
332 SMC NN,13705,33 Vascular,,13,4.424467163531558,0.569500182415177
115 MS-SF Bsx Glut,1123,13 CNU-HYa Glut,Glut,5,4.418085083793411,0.7266251113089938
182 CUN-PPN Evx2 Meis2 Glut,3513,19 MB Glut,Glut,4,4.4160871362653,0.7432393965271847
268 CS-PRNr-DR En1 Sox2 Gaba,1237,26 P GABA,GABA,3,4.412365601535974,0.7388843977364592
118 ADP-MPO Trp73 Glut,1032,13 CNU-HYa Glut,Glut,6,4.402140918023255,0.7248062015503876
155 PRC-PAG Pax6 Glut,2196,19 MB Glut,Glut,6,4.401176383424408,0.7167577413479053
196 PAG-PPN Pax5 Sox21 Gaba,2028,20 MB GABA,GABA,2,4.396591067061144,0.7327416173570019
179 SCdg-PAG Tfap2b Glut,1442,19 MB Glut,Glut,2,4.393987012690707,0.7212205270457698
194 MRN-VTN-PPN Pax5 Cdh23 Gaba,1230,20 MB GABA,GABA,3,4.381312269918698,0.748780487804878
172 PAG Pou4f1 Ebf2 Glut,7142,19 MB Glut,Glut,5,4.3729306290254835,0.7300476057126856
202 PRT Tcf7l2 Gaba,4472,20 MB GABA,GABA,6,4.370846053555456,0.7151162790697675
185 SCig Tfap2b Chrnb3 Glut,855,19 MB Glut,Glut,2,4.35568606502924,0.6842105263157895
308 DCO Il22 Gly-Gaba,1367,28 CB GABA,GABA-Glyc,4,4.3528464993416245,0.681784930504755
020 L2/3 IT RSP Glut,8442,01 IT-ET Glut,Glut,3,4.3508884007818045,0.7004264392324094
133 PVH-SO-PVa Otp Glut,2751,14 HY Glut,Glut,7,4.349907293929479,0.7273718647764449
210 PRT Mecom Gaba,2098,20 MB GABA,GABA,2,4.330204934366064,0.6901811248808389
203 LGv-SPFp-SPFm Nkx2-2 Tcf7l2 Gaba,3482,20 MB GABA,GABA,7,4.32311627007467,0.7107983917288915
085 SI-MPO-LPO Lhx8 Gaba,2997,11 CNU-HYa GABA,GABA,4,4.30302725005005,0.7380714047380714
131 LHA-AHN-PVH Otp Trh Glut,1026,14 HY Glut,Glut,5,4.299579282846004,0.7339181286549707
231 IPN-LDT Vsx2 Nkx6-1 Glut,1008,23 P Glut,Glut,2,4.296607547619048,0.7103174603174603
023 SUB-ProS Glut,2279,01 IT-ET Glut,Glut,3,4.290566402544975,0.7959631417288284
211 SC Tnnt1 Gli3 Gaba,1131,20 MB GABA,GABA,2,4.276568426171529,0.6648983200707339
309 CB PLI Gly-Gaba,4470,28 CB GABA,GABA,4,4.264221302483222,0.6378076062639821
163 APN C1ql2 Glut,2275,19 MB Glut,Glut,3,4.261370309538462,0.6892307692307692
087 MPN-MPO-LPO Lhx6 Zfhx3 Gaba,1003,11 CNU-HYa GABA,GABA,3,4.242015751345962,0.7018943170488534
256 SPVC Mafa Glut,3388,24 MY Glut,Glut,1,4.224237,0.6688311688311688
057 NDB-SI-MA-STRv Lhx8 Gaba,8034,08 CNU-MGE GABA,GABA,5,4.214265260393328,0.7165795369678865
315 DCO UBC Glut,7328,29 CB Glut,Glut,4,4.210234791157205,0.5930676855895196
090 BST-MPN Six3 Nrgn Gaba,3863,11 CNU-HYa GABA,GABA,7,4.2070473837432045,0.6893606005695055
094 SCH Six6 Cdc14a Gaba,1841,12 HY GABA,GABA,3,4.179237044486692,0.6230309614340033
015 ENTmv-PA-COAp Glut,782,01 IT-ET Glut,Glut,3,4.17552008516624,0.7480818414322251
028 L6b/CT ENT Glut,5645,02 NP-CT-L6b Glut,Glut,5,4.173181913782107,0.7257750221434898
151 TH Prkcd Grin2c Glut,25482,18 TH Glut,Glut,5,4.148704144227298,0.7561023467545719
168 SPA-SPFm-SPFp-POL-PIL-PoT Sp9 Glut,7653,19 MB Glut,Glut,7,4.143697301816282,0.6828694629557036
335 BAM NN,5516,34 Immune,,13,4.139340412146483,0.5398839738941261
186 SCop Pou4f2 Neurod2 Glut,604,19 MB Glut,Glut,2,4.132568207781457,0.6556291390728477
215 SNc-VTA-RAmb Foxa1 Dopa,4239,21 MB Dopa,Dopa,6,4.119035481410711,0.7395612172682237
198 IC Six3 En2 Gaba,4562,20 MB GABA,GABA,4,4.098648341473038,0.6790881192459448
056 Sst Chodl Gaba,3054,08 CNU-MGE GABA,GABA,9,4.091216022888015,0.6889325474787165
318 Astro-NT NN,139030,30 Astro-Epen,,12,4.086697386960369,0.5374955045673596
216 MB-MY Tph2 Glut-Sero,2465,22 MB-HB Sero,Glut,4,4.068364575212982,0.7330628803245436
232 LDT Vsx2 Nkx6-1 Nfib Glut,1378,23 P Glut,Glut,3,4.065678225544268,0.6698113207547169
187 SCsg Pde5a Glut,2043,19 MB Glut,Glut,2,3.950236508761625,0.6319138521781693
136 PMv-TMv Pitx2 Glut,1211,14 HY Glut,Glut,2,3.938929703798513,0.7060280759702725
328 OEC NN,699,32 OEC,,4,3.9356270061516456,0.530758226037196
300 PARN-MDRNd-NTS Gbx2 Gly-Gaba,3955,27 MY GABA,GABA-Glyc,2,3.903761504879899,0.6558786346396965
088 BST Tac2 Gaba,1106,11 CNU-HYa GABA,GABA,3,3.8932696726943945,0.6672694394213382
334 Microglia NN,81472,34 Immune,,13,3.879017706744648,0.49172721916732126
033 NP SUB Glut,874,02 NP-CT-L6b Glut,Glut,4,3.872903893707094,0.7013729977116705
208 SC Lef1 Otx2 Gaba,1945,20 MB GABA,GABA,2,3.8718273072493576,0.5820051413881748
304 NTS-PARN Neurod2 Gly-Gaba,6222,27 MY GABA,GABA-Glyc,2,3.8629996723561555,0.635326261652202
078 SI-MA-ACB Ebf1 Bnc2 Gaba,1544,11 CNU-HYa GABA,GABA,5,3.861328956735752,0.6405440414507771
116 AVPV-MEPO-SFO Tbr1 Glut,2210,13 CNU-HYa Glut,Glut,3,3.8449742303167422,0.6556561085972851
305 SPVI-SPVC Sall3 Nfib Gly-Gaba,1582,27 MY GABA,GABA-Glyc,1,3.8420627,0.6536030341340076
019 L2/3 IT PPP Glut,8756,01 IT-ET Glut,Glut,4,3.8093897345705803,0.6740520785746916
333 Endo NN,84356,33 Vascular,,13,3.790201947700223,0.4937763763099246
082 CEA-BST Ebf1 Pdyn Gaba,8782,11 CNU-HYa GABA,GABA,5,3.778066588499203,0.632316101115919
319 Astro-TE NN,144668,30 Astro-Epen,,11,3.7727234339377054,0.5096496806481047
058 PAL-STR Gaba-Chol,1190,08 CNU-MGE GABA,Chol,4,3.7554166820168065,0.6873949579831933
055 STR Lhx8 Gaba,1511,08 CNU-MGE GABA,GABA,5,3.709584064063534,0.6168100595632032
152 RE-Xi Nox4 Glut,2201,18 TH Glut,Glut,3,3.701608878464335,0.660154475238528
121 MEA-BST Otp Zic2 Glut,1542,13 CNU-HYa Glut,Glut,6,3.6853962682230863,0.6167315175097277
014 LA-BLA-BMA-PA Glut,6921,01 IT-ET Glut,Glut,5,3.678539518638925,0.6808264701632712
003 L5/6 IT TPE-ENT Glut,1868,01 IT-ET Glut,Glut,5,3.659986808297645,0.7135974304068522
181 IC Tfap2d Maf Glut,19786,19 MB Glut,Glut,6,3.6598254738047107,0.5959769534013948
320 Astro-OLF NN,1487,30 Astro-Epen,,6,3.6582493809011436,0.5097511768661735
052 Pvalb Gaba,10165,07 CTX-MGE GABA,GABA,9,3.6422406658632562,0.6520413182488932
207 SCs Dmbx1 Gaba,3956,20 MB GABA,GABA,2,3.6137945165065726,0.5755813953488372
054 STR Prox1 Lhx6 Gaba,1873,08 CNU-MGE GABA,GABA,9,3.61019692648158,0.611318739989322
316 Bergmann NN,3321,30 Astro-Epen,,4,3.6064761540800965,0.5323697681421259
027 L6b EPd Glut,2344,02 NP-CT-L6b Glut,Glut,7,3.6016064495307165,0.6749146757679181
153 MG-POL-SGN Nts Glut,861,18 TH Glut,Glut,2,3.5965630160278743,0.6225319396051103
084 BST-SI-AAA Six3 Slc22a3 Gaba,952,11 CNU-HYa GABA,GABA,5,3.5722964913865547,0.6060924369747899
122 LHA-MEA Otp Glut,889,13 CNU-HYa Glut,Glut,5,3.567711175815523,0.5995500562429696
061 STR D1 Gaba,35689,09 CNU-LGE GABA,GABA,8,3.560319167639889,0.6155678220179888
053 Sst Gaba,15973,07 CTX-MGE GABA,GABA,10,3.527928914167658,0.6288111187629124
051 Pvalb chandelier Gaba,1206,07 CTX-MGE GABA,GABA,8,3.50889340854063,0.6243781094527363
311 CBX MLI Megf11 Gaba,31619,28 CB GABA,GABA,4,3.5042287160694516,0.5190549985768049
059 GPe-SI Sox6 Cyp26b1 Gaba,1386,09 CNU-LGE GABA,GABA,6,3.4660361103896102,0.6067821067821068
111 TRS-BAC Sln Glut,1169,13 CNU-HYa Glut,Glut,4,3.4621787006843454,0.5431993156544055
076 MEA-BST Lhx6 Nfib Gaba,5727,11 CNU-HYa GABA,GABA,7,3.456922493277458,0.5816308713113323
063 STR D1 Sema5a Gaba,7117,09 CNU-LGE GABA,GABA,9,3.4531522806941126,0.5692005058311086
017 CA3 Glut,3172,01 IT-ET Glut,Glut,5,3.4348814232030263,0.6727616645649432
188 SCop Sln Glut,1807,19 MB Glut,Glut,1,3.4340034,0.6347537354731599
330 VLMC NN,8544,33 Vascular,,13,3.4339703578768725,0.45903558052434457
323 Ependymal NN,3096,30 Astro-Epen,,13,3.430613374515504,0.5051679586563307
119 SI-MA-LPO-LHA Skor1 Glut,6588,13 CNU-HYa Glut,Glut,6,3.4061088522768674,0.5769581056466302
010 IT AON-TT-DP Glut,3620,01 IT-ET Glut,Glut,7,3.38960661660221,0.6071823204419888
016 CA1-ProS Glut,14630,01 IT-ET Glut,Glut,5,3.3864453036363638,0.6435406698564593
030 L6 CT CTX Glut,52484,02 NP-CT-L6b Glut,Glut,6,3.375698774731346,0.5787287554302264
317 Astro-CB NN,1715,30 Astro-Epen,,4,3.3534102605247815,0.45597667638483963
306 SPVI-SPVC Sall3 Lhx1 Gly-Gaba,2002,27 MY GABA,GABA,1,3.3211071601398605,0.568931068931069
075 MEA-BST Lhx6 Nr2e1 Gaba,2967,11 CNU-HYa GABA,GABA,7,3.3209264664307376,0.5551061678463095
005 L5 IT CTX Glut,19939,01 IT-ET Glut,Glut,5,3.281802428115753,0.5904007222027183
018 L2 IT PPP-APr Glut,1825,01 IT-ET Glut,Glut,2,3.2768596677808217,0.5698630136986301
060 OT D3 Folh1 Gaba,12315,09 CNU-LGE GABA,GABA,9,3.2637995851563133,0.47438083637840034
074 MEA-BST Lhx6 Sp9 Gaba,8035,11 CNU-HYa GABA,GABA,7,3.2588801432233976,0.5607965152457997
080 CEA-AAA-BST Six3 Sp9 Gaba,5393,11 CNU-HYa GABA,GABA,6,3.25293879499351,0.5436677174114593
120 MEA Otp Foxp2 Glut,1520,13 CNU-HYa Glut,Glut,4,3.248060675855263,0.5638157894736842
022 L5 ET CTX Glut,6060,01 IT-ET Glut,Glut,6,3.2405173141749173,0.6384488448844885
035 OB Eomes Ms4a15 Glut,827,03 OB-CR Glut,Glut,7,3.20692332834341,0.5199516324062877
069 LSX Nkx2-1 Gaba,7852,10 LSX GABA,GABA,4,3.1889685528527765,0.5323484462557311
113 MEA-COA-BMA Ccdc42 Glut,10367,13 CNU-HYa Glut,Glut,6,3.157429369026719,0.5422012153950033
079 CEA-BST Six3 Cyp26b1 Gaba,5790,11 CNU-HYa GABA,GABA,5,3.1196841705699487,0.5392055267702937
204 SC Otx2 Gcnt4 Gaba,781,20 MB GABA,GABA,3,3.106317458898848,0.4788732394366197
008 L2/3 IT ENT Glut,2840,01 IT-ET Glut,Glut,4,3.101796407042253,0.6496478873239436
083 CEA-BST Rai14 Pdyn Crh Gaba,537,11 CNU-HYa GABA,GABA,5,3.0891420175046553,0.5363128491620112
036 HPF CR Glut,1624,03 OB-CR Glut,Glut,10,3.039610869150246,0.41933497536945813
321 Astroependymal NN,1174,30 Astro-Epen,,11,3.0255578182793865,0.403747870528109
114 COAa-PAA-MEA Barhl2 Glut,4682,13 CNU-HYa Glut,Glut,8,3.021389532635626,0.5435711234515165
012 MEA Slc17a7 Glut,5327,01 IT-ET Glut,Glut,6,3.021223289787873,0.5507790501220199
066 NDB-SI-ant Prdm12 Gaba,1677,11 CNU-HYa GABA,GABA,6,3.019749147584973,0.5307096004770423
073 MEA-BST Sox6 Gaba,10279,11 CNU-HYa GABA,GABA,7,2.9735183804747543,0.5070532152933165
064 STR-PAL Chst9 Gaba,14431,09 CNU-LGE GABA,GABA,9,2.961829238167833,0.4667036241424711
081 ACB-BST-FS D1 Gaba,2202,11 CNU-HYa GABA,GABA,5,2.95636765808356,0.5059037238873751
044 OB Dopa-Gaba,1976,05 OB-IMN GABA,Dopa,5,2.953504173987854,0.4701417004048583
070 LSX Prdm12 Slit2 Gaba,7810,10 LSX GABA,GABA,5,2.9170827742637644,0.5076824583866837
062 STR D2 Gaba,36320,09 CNU-LGE GABA,GABA,8,2.882052247948789,0.4995319383259912
002 IT EP-CLA Glut,9491,01 IT-ET Glut,Glut,8,2.8781479456643138,0.5537877989674428
331 Peri NN,23170,33 Vascular,,13,2.8500955145662497,0.35192058696590417
065 IA Mgp Gaba,1081,09 CNU-LGE GABA,GABA,6,2.8474310839963,0.4921369102682701
068 LSX Otx2 Gaba,4339,10 LSX GABA,GABA,3,2.8201724435584232,0.460244295920719
312 CBX MLI Cdh22 Gaba,13098,28 CB GABA,GABA,4,2.766941243579172,0.42533211177278973
021 L4 RSP-ACA Glut,1563,01 IT-ET Glut,Glut,3,2.6898621343570057,0.5630198336532309
049 Lamp5 Gaba,14101,06 CTX-CGE GABA,GABA,11,2.6758141029572373,0.4682646620807035
006 L4/5 IT CTX Glut,83060,01 IT-ET Glut,Glut,5,2.6616703470659764,0.4742114134360703
050 Lamp5 Lhx6 Gaba,3440,07 CTX-MGE GABA,GABA,9,2.6378874520930236,0.4799418604651163
001 CLA-EPd-CTX Car3 Glut,2320,01 IT-ET Glut,Glut,6,2.608982849741379,0.4870689655172414
009 L2/3 IT PIR-ENTl Glut,10331,01 IT-ET Glut,Glut,7,2.608701013319137,0.494434227083535
004 L6 IT CTX Glut,24710,01 IT-ET Glut,Glut,8,2.587986873302307,0.47847025495750706
071 LSX Prdm12 Zeb2 Gaba,6585,10 LSX GABA,GABA,3,2.5565784361427486,0.455125284738041
013 COAp Grxcr2 Glut,682,01 IT-ET Glut,Glut,4,2.5546984300586515,0.4662756598240469
048 RHP-COA Ndnf Gaba,1704,06 CTX-CGE GABA,GABA,8,2.544456881161972,0.49647887323943657
037 DG Glut,14294,04 DG-IMN Glut,Glut,7,2.531913066489436,0.4352875332307261
007 L2/3 IT CTX Glut,49319,01 IT-ET Glut,Glut,7,2.489708781867029,0.4662706056489385
038 DG-PIR Ex IMN,1832,04 DG-IMN Glut,Glut,9,2.3608044318231443,0.33679039301310043
072 LSX Sall3 Lmo1 Gaba,2509,10 LSX GABA,GABA,3,2.292973779075329,0.3882024711040255
046 Vip Gaba,16700,06 CTX-CGE GABA,GABA,10,2.2177515681676647,0.36802395209580835
039 OB Meis2 Thsd7b Gaba,1500,05 OB-IMN GABA,GABA,5,2.2115512836000004,0.322
067 LSX Sall3 Pax6 Gaba,1100,10 LSX GABA,GABA,3,2.148091536363636,0.3518181818181818
047 Sncg Gaba,4595,06 CTX-CGE GABA,GABA,10,1.9782746002393907,0.38628944504896623
041 OB-in Frmd7 Gaba,33543,05 OB-IMN GABA,GABA,9,1.2675351007304059,0.19354261693945082
045 OB-STR-CTX Inh IMN,7857,05 OB-IMN GABA,,10,1.2034111736578845,0.17436680666921214
042 OB-out Frmd7 Gaba,4566,05 OB-IMN GABA,GABA,6,0.794113666432326,0.11279018834866396
040 OB Trdn Gaba,2243,05 OB-IMN GABA,GABA,5,0.656512470708872,0.09451627284886305
