donor_age_category,class_name,subclass_name,n_cells,n_donors,mean_Kif13a,median_Kif13a,fraction_expressing
adult,01 IT-ET Glut,001 CLA-EPd-CTX Car3 Glut,183,5,2.5938108,0.0,0.48633879781420764
adult,01 IT-ET Glut,002 IT EP-CLA Glut,1316,13,2.9665802,4.3369246,0.5592705167173252
adult,01 IT-ET Glut,003 L5/6 IT TPE-ENT Glut,453,9,3.9768558,4.8384576,0.7527593818984547
adult,01 IT-ET Glut,004 L6 IT CTX Glut,3675,15,2.9774423,4.235674,0.5706122448979591
adult,01 IT-ET Glut,005 L5 IT CTX Glut,4242,11,3.8668098,4.806136,0.7074493163602075
adult,01 IT-ET Glut,006 L4/5 IT CTX Glut,5382,11,3.093297,4.3056784,0.6007060572277964
adult,01 IT-ET Glut,007 L2/3 IT CTX Glut,6313,11,2.9700465,4.2142115,0.5740535403136385
adult,01 IT-ET Glut,008 L2/3 IT ENT Glut,1538,2,3.0508988,4.0305243,0.6332899869960988
adult,01 IT-ET Glut,009 L2/3 IT PIR-ENTl Glut,1169,12,3.1204226,4.2241974,0.6159110350727117
adult,01 IT-ET Glut,011 L2 IT ENT-po Glut,541,4,4.706161,5.4189763,0.8317929759704251
adult,01 IT-ET Glut,015 ENTmv-PA-COAp Glut,368,6,4.4844236,5.357214,0.7934782608695652
adult,01 IT-ET Glut,016 CA1-ProS Glut,7190,12,3.3408513,4.4710374,0.6357440890125173
adult,01 IT-ET Glut,017 CA3 Glut,1154,7,3.3235128,4.3033867,0.658578856152513
adult,01 IT-ET Glut,018 L2 IT PPP-APr Glut,887,5,3.3723419,4.7678285,0.5862457722660653
adult,01 IT-ET Glut,019 L2/3 IT PPP Glut,4467,5,3.808074,4.9779143,0.6724871278262816
adult,01 IT-ET Glut,020 L2/3 IT RSP Glut,4335,7,4.202032,5.5226874,0.6752018454440599
adult,01 IT-ET Glut,021 L4 RSP-ACA Glut,938,6,2.4517941,3.6541724,0.5181236673773987
adult,01 IT-ET Glut,022 L5 ET CTX Glut,1724,12,3.4943202,4.449831,0.6885150812064965
adult,01 IT-ET Glut,023 SUB-ProS Glut,1247,7,4.178266,5.070793,0.7698476343223737
adult,01 IT-ET Glut,024 L5 PPP Glut,120,4,3.870747,4.7949066,0.7083333333333334
adult,01 IT-ET Glut,025 CA2-FC-IG Glut,65,6,1.9542911,0.0,0.4
adult,02 NP-CT-L6b Glut,028 L6b/CT ENT Glut,3540,6,4.123178,5.2391086,0.7062146892655368
adult,02 NP-CT-L6b Glut,029 L6b CTX Glut,165,14,5.7502728,6.4149423,0.8909090909090909
adult,02 NP-CT-L6b Glut,030 L6 CT CTX Glut,8288,18,4.0362754,5.043119,0.715854247104247
adult,02 NP-CT-L6b Glut,031 CT SUB Glut,1125,6,5.0316277,5.9630947,0.8097777777777778
adult,02 NP-CT-L6b Glut,032 L5 NP CTX Glut,2128,11,5.117845,6.1419125,0.7880639097744361
adult,02 NP-CT-L6b Glut,033 NP SUB Glut,496,7,4.0703573,4.970126,0.7358870967741935
adult,02 NP-CT-L6b Glut,034 NP PPP Glut,346,4,5.6572742,6.304138,0.8901734104046243
adult,03 OB-CR Glut,036 HPF CR Glut,953,30,3.19161,0.0,0.43651626442812175
adult,04 DG-IMN Glut,037 DG Glut,5579,5,2.641813,0.0,0.4525900699050009
adult,04 DG-IMN Glut,038 DG-PIR Ex IMN,179,5,3.4177783,5.374034,0.5195530726256983
adult,05 OB-IMN GABA,045 OB-STR-CTX Inh IMN,538,20,3.0420213,0.0,0.45353159851301117
adult,06 CTX-CGE GABA,046 Vip Gaba,3735,35,2.3403544,0.0,0.39357429718875503
adult,06 CTX-CGE GABA,047 Sncg Gaba,1071,31,2.1918714,0.0,0.4341736694677871
adult,06 CTX-CGE GABA,048 RHP-COA Ndnf Gaba,272,19,2.149589,0.0,0.4264705882352941
adult,06 CTX-CGE GABA,049 Lamp5 Gaba,2882,35,2.8874233,4.3781595,0.5194309507286606
adult,07 CTX-MGE GABA,050 Lamp5 Lhx6 Gaba,630,30,2.622043,0.0,0.4714285714285714
adult,07 CTX-MGE GABA,051 Pvalb chandelier Gaba,380,26,3.4643414,4.8486466,0.618421052631579
adult,07 CTX-MGE GABA,052 Pvalb Gaba,2632,29,3.732756,4.9069624,0.6690729483282675
adult,07 CTX-MGE GABA,053 Sst Gaba,4206,31,3.6424415,4.808823,0.6576319543509273
adult,08 CNU-MGE GABA,054 STR Prox1 Lhx6 Gaba,519,28,3.883512,5.128367,0.6782273603082851
adult,08 CNU-MGE GABA,055 STR Lhx8 Gaba,69,14,2.8586688,0.0,0.4782608695652174
adult,08 CNU-MGE GABA,056 Sst Chodl Gaba,559,31,4.0647664,5.396785,0.6905187835420393
adult,08 CNU-MGE GABA,058 PAL-STR Gaba-Chol,57,15,4.448304,4.836479,0.8947368421052632
adult,09 CNU-LGE GABA,059 GPe-SI Sox6 Cyp26b1 Gaba,80,12,3.3219361,4.933698,0.5875
adult,09 CNU-LGE GABA,061 STR D1 Gaba,12619,20,3.3936472,4.7554126,0.5973531975592361
adult,09 CNU-LGE GABA,062 STR D2 Gaba,10529,21,2.903114,4.3110776,0.5203723050622091
adult,09 CNU-LGE GABA,063 STR D1 Sema5a Gaba,1614,15,3.5011635,5.031806,0.5836431226765799
adult,11 CNU-HYa GABA,066 NDB-SI-ant Prdm12 Gaba,388,21,2.4644496,0.0,0.43556701030927836
adult,11 CNU-HYa GABA,076 MEA-BST Lhx6 Nfib Gaba,204,12,3.1981335,4.7294044,0.5588235294117647
adult,11 CNU-HYa GABA,085 SI-MPO-LPO Lhx8 Gaba,100,7,4.867512,5.5677195,0.83
adult,11 CNU-HYa GABA,086 MPO-ADP Lhx8 Gaba,130,13,4.761917,5.8402233,0.7692307692307693
adult,11 CNU-HYa GABA,089 PVR Six3 Sox3 Gaba,292,13,4.84266,5.954018,0.7602739726027398
adult,11 CNU-HYa GABA,090 BST-MPN Six3 Nrgn Gaba,513,13,4.8860416,5.854459,0.7933723196881092
adult,12 HY GABA,091 ARH-PVi Six6 Dopa-Gaba,56,5,4.301539,5.3151536,0.7678571428571429
adult,12 HY GABA,092 TMv-PMv Tbx3 Hist-Gaba,60,4,5.321647,5.7106676,0.9333333333333333
adult,12 HY GABA,094 SCH Six6 Cdc14a Gaba,298,5,4.911517,6.0194325,0.7449664429530202
adult,12 HY GABA,095 DMH Prdm13 Gaba,276,6,5.213117,6.266762,0.7934782608695652
adult,12 HY GABA,097 PVHd-SBPV Six3 Prox1 Gaba,947,27,4.5961833,5.663426,0.7539598732840549
adult,12 HY GABA,098 AHN-SBPV-PVHd Pdrm12 Gaba,347,7,4.8898606,5.926713,0.7809798270893372
adult,12 HY GABA,099 SBPV-PVa Six6 Satb2 Gaba,384,5,4.950709,5.997528,0.78125
adult,12 HY GABA,100 AHN Onecut3 Gaba,140,8,4.780778,5.7672505,0.7928571428571428
adult,12 HY GABA,102 DMH-LHA Gsx1 Gaba,394,9,4.924112,5.956413,0.7791878172588832
adult,12 HY GABA,103 PVHd-DMH Lhx6 Gaba,50,4,5.5403028,6.290925,0.86
adult,12 HY GABA,104 TU-ARH Otp Six6 Gaba,511,5,4.716406,5.7178564,0.776908023483366
adult,12 HY GABA,105 TMd-DMH Foxd2 Gaba,315,5,4.70091,5.6199317,0.7555555555555555
adult,12 HY GABA,106 PVpo-VMPO-MPN Hmx2 Gaba,1089,14,4.773613,5.5662074,0.8099173553719008
adult,12 HY GABA,107 DMH Hmx2 Gaba,430,9,4.7155557,5.6653976,0.7837209302325582
adult,12 HY GABA,108 ARH-PVp Tbx3 Gaba,445,5,4.8104124,5.8383093,0.7707865168539326
adult,13 CNU-HYa Glut,111 TRS-BAC Sln Glut,370,11,4.089466,5.5725756,0.6594594594594595
adult,13 CNU-HYa Glut,114 COAa-PAA-MEA Barhl2 Glut,67,10,3.4388692,4.8086715,0.6268656716417911
adult,13 CNU-HYa Glut,116 AVPV-MEPO-SFO Tbr1 Glut,250,10,4.05348,5.076603,0.688
adult,13 CNU-HYa Glut,118 ADP-MPO Trp73 Glut,90,12,4.5340405,5.5323253,0.7666666666666667
adult,14 HY Glut,123 DMH Nkx2-4 Glut,426,5,4.8742056,6.166249,0.744131455399061
adult,14 HY Glut,124 MPN-MPO-PVpo Hmx2 Glut,698,14,5.0099196,5.802479,0.8252148997134671
adult,14 HY Glut,125 DMH Hmx2 Glut,191,5,4.717125,5.5786757,0.7853403141361257
adult,14 HY Glut,126 ARH-PVp Tbx3 Glut,413,5,5.5692782,6.1323037,0.8861985472154964
adult,14 HY Glut,127 DMH-LHA Vgll2 Glut,68,6,4.9242177,5.696233,0.8088235294117647
adult,14 HY Glut,128 VMH Fezf1 Glut,159,9,5.1233883,5.959208,0.8238993710691824
adult,14 HY Glut,129 VMH Nr5a1 Glut,813,12,5.668783,6.451852,0.8659286592865929
adult,14 HY Glut,131 LHA-AHN-PVH Otp Trh Glut,140,14,4.5965853,5.5388975,0.7785714285714286
adult,14 HY Glut,132 AHN-RCH-LHA Otp Fezf1 Glut,213,6,5.4501953,6.1226025,0.8873239436619719
adult,14 HY Glut,133 PVH-SO-PVa Otp Glut,594,16,4.266464,5.4600744,0.7188552188552189
adult,14 HY Glut,134 PH-ant-LHA Otp Bsx Glut,62,6,5.025266,5.788765,0.8064516129032258
adult,14 HY Glut,135 STN-PSTN Pitx2 Glut,162,12,4.585499,5.391812,0.7962962962962963
adult,14 HY Glut,136 PMv-TMv Pitx2 Glut,298,5,4.191694,5.2233505,0.7516778523489933
adult,14 HY Glut,137 PH-an Pitx2 Glut,147,5,4.713861,5.7891464,0.7551020408163265
adult,14 HY Glut,138 PH Pitx2 Glut,360,18,4.5634923,5.542733,0.7777777777777778
adult,14 HY Glut,140 PMd-LHA Foxb1 Glut,189,5,5.4232135,6.0595403,0.8677248677248677
adult,14 HY Glut,141 PH-SUM Foxa1 Glut,306,17,4.332393,5.449272,0.7287581699346405
adult,16 HY MM Glut,143 MM-ant Foxb1 Glut,776,5,5.368428,6.1739197,0.8427835051546392
adult,16 HY MM Glut,144 MM Foxb1 Glut,650,5,5.544037,6.2281847,0.88
adult,19 MB Glut,155 PRC-PAG Pax6 Glut,2105,40,4.4749427,5.6282983,0.7353919239904988
adult,19 MB Glut,156 MB-ant-ve Dmrta2 Glut,195,17,5.1436133,5.7656927,0.8717948717948718
adult,19 MB Glut,159 IF-RL-CLI-PAG Foxa1 Glut,1279,19,4.4909415,5.702017,0.7224394057857702
adult,19 MB Glut,160 PAG-SC Neurod2 Meis2 Glut,1104,9,4.940993,6.158776,0.7581521739130435
adult,19 MB Glut,161 PAG Pou4f3 Glut,2377,8,4.8493347,5.8650994,0.7833403449726546
adult,19 MB Glut,162 CUN Evx2 Lhx2 Glut,1181,11,4.9851384,5.8197083,0.8128704487722269
adult,19 MB Glut,165 PAG-MRN Pou3f1 Glut,1766,14,4.3845086,5.4625916,0.7361268403171007
adult,19 MB Glut,166 MRN Pou3f1 C1ql4 Glut,107,8,4.9195895,5.5760345,0.8691588785046729
adult,19 MB Glut,167 PRC-PAG Tcf7l2 Irx2 Glut,1336,9,4.763467,5.8141594,0.7747005988023952
adult,19 MB Glut,169 PAG-SC Pou4f1 Zic1 Glut,1491,9,4.802173,5.7587147,0.7867203219315896
adult,19 MB Glut,170 PAG-MRN Tfap2b Glut,2347,11,4.6191063,5.6546474,0.7656582871751172
adult,19 MB Glut,171 PAG Pou4f1 Bnc2 Glut,1670,10,4.7859807,5.754669,0.7832335329341318
adult,19 MB Glut,172 PAG Pou4f1 Ebf2 Glut,6447,8,4.3294177,5.4833,0.7237474794478052
adult,19 MB Glut,173 PAG Pou4f2 Glut,4533,8,4.5540724,5.7109313,0.7443194352525921
adult,19 MB Glut,174 PAG Pou4f2 Mesi2 Glut,4472,8,4.534531,5.650917,0.7495527728085868
adult,19 MB Glut,176 SCig Foxb1 Glut,338,8,4.546684,5.621415,0.742603550295858
adult,19 MB Glut,179 SCdg-PAG Tfap2b Glut,628,8,4.4702663,5.6374054,0.7388535031847133
adult,19 MB Glut,182 CUN-PPN Evx2 Meis2 Glut,449,10,4.6104712,5.56883,0.7728285077951003
adult,19 MB Glut,190 ND-INC Foxd2 Glut,114,15,4.386948,5.7699924,0.7192982456140351
adult,20 MB GABA,191 PAG-MRN Rln3 Gaba,133,14,4.713756,5.5572953,0.8045112781954887
adult,20 MB GABA,192 PPN-CUN-PCG Otp En1 Gaba,56,7,2.6417944,0.0,0.44642857142857145
adult,20 MB GABA,193 MRN-PPN-CUN Pax8 Gaba,627,12,5.14312,6.3702407,0.7703349282296651
adult,20 MB GABA,194 MRN-VTN-PPN Pax5 Cdh23 Gaba,475,12,4.263565,5.3292174,0.728421052631579
adult,20 MB GABA,195 SNr-VTA Pax5 Npas1 Gaba,620,10,4.644186,5.290864,0.8419354838709677
adult,20 MB GABA,196 PAG-PPN Pax5 Sox21 Gaba,1655,16,4.3392706,5.557914,0.718429003021148
adult,20 MB GABA,197 SNr Six3 Gaba,1275,14,5.442769,5.9365106,0.9105882352941177
adult,20 MB GABA,198 IC Six3 En2 Gaba,773,8,4.03324,5.43193,0.6558861578266494
adult,20 MB GABA,199 PAG-MRN-RN Foxa2 Gaba,1006,22,4.7778354,5.797367,0.7862823061630219
adult,20 MB GABA,200 PAG-ND-PCG Onecut1 Gaba,1211,18,5.0134277,5.918024,0.8109000825763831
adult,20 MB GABA,201 PAG-RN Nkx2-2 Otx1 Gaba,2268,10,4.686928,5.738191,0.7654320987654321
adult,20 MB GABA,202 PRT Tcf7l2 Gaba,1012,16,4.640822,5.620511,0.7796442687747036
adult,20 MB GABA,205 SC-PAG Lef1 Emx2 Gaba,1219,8,4.492539,5.7021976,0.7260049220672683
adult,20 MB GABA,206 SCm-PAG Cdh23 Gaba,2123,8,4.2320414,5.5955324,0.682053697597739
adult,20 MB GABA,214 IPN Otp Crisp1 Gaba,2082,15,5.2603803,6.2093887,0.8174831892411143
adult,21 MB Dopa,215 SNc-VTA-RAmb Foxa1 Dopa,3732,19,4.059394,5.052499,0.727491961414791
adult,22 MB-HB Sero,216 MB-MY Tph2 Glut-Sero,1708,15,3.9760258,4.989216,0.7148711943793911
adult,23 P Glut,220 PB Pax5 Glut,64,11,3.400682,4.898937,0.5625
adult,23 P Glut,221 LDT-PCG Vsx2 Lhx4 Glut,3629,13,4.3506956,5.697473,0.693303940479471
adult,23 P Glut,223 B-PB Nr4a2 Glut,258,13,4.749169,5.6037817,0.813953488372093
adult,23 P Glut,224 PCG-PRNr Vsx2 Nkx6-1 Glut,845,14,4.38172,5.6152754,0.714792899408284
adult,23 P Glut,225 PRNc-NI-SG-RPO Vsx2 Nr4a2 Glut,703,10,4.448647,5.7587147,0.7069701280227596
adult,23 P Glut,226 PRNc-PARN Tlx1 Glut,83,5,4.3306413,5.2361813,0.7590361445783133
adult,23 P Glut,230 PRNr Otp Nfib Glut,81,9,5.073323,5.910549,0.8271604938271605
adult,23 P Glut,231 IPN-LDT Vsx2 Nkx6-1 Glut,775,13,4.2554436,5.4540353,0.7006451612903226
adult,23 P Glut,232 LDT Vsx2 Nkx6-1 Nfib Glut,1189,8,4.0755787,5.3906,0.6694701429772918
adult,23 P Glut,235 PG-TRN-LRN Fat2 Glut,1392,8,5.23838,5.813071,0.8857758620689655
adult,24 MY Glut,237 PRP-NI-PRNc-GRN Otp Glut,511,9,4.994316,5.952504,0.8082191780821918
adult,24 MY Glut,251 NTS Dbh Glut,116,26,4.383453,5.3282843,0.7672413793103449
adult,26 P GABA,263 CS-RPO Meis2 Gaba,724,14,4.759094,5.993708,0.744475138121547
adult,26 P GABA,264 PRNc Otp Gly-Gaba,921,9,4.892525,5.8962307,0.7861020629750272
adult,26 P GABA,265 PB Sst Gly-Gaba,171,14,4.2831016,5.499463,0.695906432748538
adult,26 P GABA,266 PRNc Prox1 Brs3 Gly-Gaba,112,6,5.277844,6.083053,0.8392857142857143
adult,26 P GABA,267 CS-PRNr-PCG Tmem163 Otp Gaba,607,16,4.935135,5.965624,0.785831960461285
adult,26 P GABA,268 CS-PRNr-DR En1 Sox2 Gaba,511,20,4.4444017,5.5325284,0.7455968688845401
adult,26 P GABA,269 LDT Fgf7 Gaba,418,11,4.3604145,5.578087,0.715311004784689
adult,26 P GABA,270 LDT-DTN Gata3 Nfix Gaba,502,10,4.9228477,5.8480387,0.8107569721115537
adult,26 P GABA,271 NI-RPO Gata3 Nr4a2 Gaba,477,14,4.716318,5.780711,0.7714884696016772
adult,26 P GABA,272 LDT-PCG-CS Gata3 Lhx1 Gaba,654,20,4.7773733,5.8307867,0.7813455657492355
adult,26 P GABA,273 PDTg-PCG Pax6 Gaba,2000,15,4.6362243,5.777027,0.7465
adult,26 P GABA,274 PDTg Otp Shroom3 Gaba,290,5,4.363003,5.7782803,0.6862068965517242
adult,26 P GABA,275 PDTg Otp Olig3 Gaba,719,7,4.809512,5.8312354,0.7872044506258693
adult,26 P GABA,276 LDT-PCG St18 Gaba,755,15,4.697409,5.8237243,0.7456953642384105
adult,26 P GABA,277 DTN-LDT-IPN Otp Pax3 Gaba,2901,15,4.695519,5.920445,0.7404343329886246
adult,30 Astro-Epen,318 Astro-NT NN,45815,51,3.9653587,6.526553,0.5165993670195351
adult,30 Astro-Epen,319 Astro-TE NN,50108,36,3.7455745,6.012223,0.5056278438572683
adult,30 Astro-Epen,321 Astroependymal NN,327,15,3.2466547,0.0,0.43425076452599387
adult,30 Astro-Epen,322 Tanycyte NN,973,19,4.9781814,6.797708,0.6742034943473793
adult,30 Astro-Epen,323 Ependymal NN,957,23,2.9257033,0.0,0.41379310344827586
adult,30 Astro-Epen,324 Hypendymal NN,80,6,6.480288,7.3890405,0.8625
adult,31 OPC-Oligo,326 OPC NN,33243,53,6.9350824,7.8295636,0.8714315795806636
adult,31 OPC-Oligo,327 Oligo NN,83475,53,7.9478726,8.456071,0.9464510332434861
adult,33 Vascular,329 ABC NN,254,10,5.871991,6.864854,0.8110236220472441
adult,33 Vascular,330 VLMC NN,2242,45,3.473945,0.0,0.46520963425512935
adult,33 Vascular,331 Peri NN,5813,49,2.7749276,0.0,0.3433683124032341
adult,33 Vascular,332 SMC NN,3495,45,4.6701775,6.9273586,0.6068669527896996
adult,33 Vascular,333 Endo NN,22898,51,3.7087064,0.0,0.490348502052581
adult,34 Immune,334 Microglia NN,23639,52,3.9593184,6.3502617,0.5052244172765346
adult,34 Immune,335 BAM NN,1462,39,4.2644887,6.64563,0.5622435020519836
adult,34 Immune,337 DC NN,98,19,2.9422395,0.0,0.41836734693877553
adult,34 Immune,338 Lymphoid NN,68,19,1.177239,0.0,0.14705882352941177
aged,01 IT-ET Glut,001 CLA-EPd-CTX Car3 Glut,668,5,2.262953,0.0,0.4221556886227545
aged,01 IT-ET Glut,002 IT EP-CLA Glut,2445,20,2.8070643,4.167184,0.5284253578732107
aged,01 IT-ET Glut,003 L5/6 IT TPE-ENT Glut,2032,19,3.8146248,4.838153,0.7116141732283464
aged,01 IT-ET Glut,004 L6 IT CTX Glut,9280,23,2.9680085,4.3725443,0.5482758620689655
aged,01 IT-ET Glut,005 L5 IT CTX Glut,11803,22,3.7557576,4.8549533,0.6732186732186732
aged,01 IT-ET Glut,006 L4/5 IT CTX Glut,18675,21,3.0604906,4.40713,0.5671218206157965
aged,01 IT-ET Glut,007 L2/3 IT CTX Glut,13828,21,2.9314816,4.3400364,0.5417269308649117
aged,01 IT-ET Glut,008 L2/3 IT ENT Glut,3572,7,2.9650967,4.0835047,0.6041433370660694
aged,01 IT-ET Glut,009 L2/3 IT PIR-ENTl Glut,3252,18,2.9780898,4.2121634,0.5790282902829028
aged,01 IT-ET Glut,011 L2 IT ENT-po Glut,951,11,4.284586,5.1872373,0.7665615141955836
aged,01 IT-ET Glut,015 ENTmv-PA-COAp Glut,1125,16,4.066774,5.1175056,0.7146666666666667
aged,01 IT-ET Glut,016 CA1-ProS Glut,18159,25,3.180344,4.4517055,0.6011344237017457
aged,01 IT-ET Glut,017 CA3 Glut,1754,13,3.2739456,4.316188,0.645381984036488
aged,01 IT-ET Glut,018 L2 IT PPP-APr Glut,2658,11,3.0038018,4.27805,0.5045146726862303
aged,01 IT-ET Glut,019 L2/3 IT PPP Glut,11558,12,3.5314507,5.019905,0.6026994289669493
aged,01 IT-ET Glut,020 L2/3 IT RSP Glut,9475,15,3.9645572,5.6594033,0.6158311345646438
aged,01 IT-ET Glut,021 L4 RSP-ACA Glut,787,11,2.62079,3.9165144,0.5133418043202033
aged,01 IT-ET Glut,022 L5 ET CTX Glut,3793,20,3.3242838,4.44634,0.6488267861850777
aged,01 IT-ET Glut,023 SUB-ProS Glut,2813,16,4.067847,4.996282,0.745111980092428
aged,01 IT-ET Glut,024 L5 PPP Glut,307,8,3.7590833,4.9193134,0.6677524429967426
aged,01 IT-ET Glut,025 CA2-FC-IG Glut,57,11,1.8024969,0.0,0.3684210526315789
aged,02 NP-CT-L6b Glut,028 L6b/CT ENT Glut,9708,19,3.802159,5.1121664,0.6495673671199012
aged,02 NP-CT-L6b Glut,029 L6b CTX Glut,476,23,5.4756145,6.2814474,0.8487394957983193
aged,02 NP-CT-L6b Glut,030 L6 CT CTX Glut,21324,25,4.101328,5.218111,0.7059182142187207
aged,02 NP-CT-L6b Glut,031 CT SUB Glut,2938,17,4.920688,5.957885,0.775357385976855
aged,02 NP-CT-L6b Glut,032 L5 NP CTX Glut,6025,20,4.948309,6.096384,0.7573443983402489
aged,02 NP-CT-L6b Glut,033 NP SUB Glut,1262,19,3.6599102,5.041823,0.6378763866877971
aged,02 NP-CT-L6b Glut,034 NP PPP Glut,1080,12,4.7986417,5.9403896,0.7537037037037037
aged,03 OB-CR Glut,036 HPF CR Glut,808,34,2.9382157,0.0,0.3935643564356436
aged,04 DG-IMN Glut,037 DG Glut,6225,11,1.9653268,0.0,0.32835341365461845
aged,04 DG-IMN Glut,038 DG-PIR Ex IMN,1,1,0.0,0.0,0.0
aged,05 OB-IMN GABA,045 OB-STR-CTX Inh IMN,286,12,3.7147272,5.3982167,0.5559440559440559
aged,06 CTX-CGE GABA,046 Vip Gaba,5470,38,2.1945302,0.0,0.36416819012797075
aged,06 CTX-CGE GABA,047 Sncg Gaba,1859,36,2.06659,0.0,0.4050564819795589
aged,06 CTX-CGE GABA,048 RHP-COA Ndnf Gaba,368,30,2.1960964,0.0,0.43478260869565216
aged,06 CTX-CGE GABA,049 Lamp5 Gaba,3599,36,2.8785567,4.3610635,0.5087524312308974
aged,07 CTX-MGE GABA,050 Lamp5 Lhx6 Gaba,760,34,2.4168522,0.0,0.4368421052631579
aged,07 CTX-MGE GABA,051 Pvalb chandelier Gaba,610,34,3.2480338,4.774228,0.5672131147540984
aged,07 CTX-MGE GABA,052 Pvalb Gaba,4138,34,3.5148454,4.8490705,0.6237312711454809
aged,07 CTX-MGE GABA,053 Sst Gaba,5876,36,3.4754484,4.8131914,0.6170864533696392
aged,08 CNU-MGE GABA,054 STR Prox1 Lhx6 Gaba,253,23,4.111372,5.0950637,0.7272727272727273
aged,08 CNU-MGE GABA,055 STR Lhx8 Gaba,43,9,2.915363,0.0,0.4883720930232558
aged,08 CNU-MGE GABA,056 Sst Chodl Gaba,547,30,4.0928106,5.2413955,0.70018281535649
aged,08 CNU-MGE GABA,058 PAL-STR Gaba-Chol,79,9,4.570812,4.9767356,0.9367088607594937
aged,09 CNU-LGE GABA,059 GPe-SI Sox6 Cyp26b1 Gaba,43,8,3.7074535,5.051666,0.6744186046511628
aged,09 CNU-LGE GABA,061 STR D1 Gaba,9213,11,3.8048227,5.105887,0.6523390860740258
aged,09 CNU-LGE GABA,062 STR D2 Gaba,7326,14,3.155871,4.7368603,0.5475020475020475
aged,09 CNU-LGE GABA,063 STR D1 Sema5a Gaba,1378,9,4.015398,5.401602,0.6509433962264151
aged,11 CNU-HYa GABA,066 NDB-SI-ant Prdm12 Gaba,139,13,2.4707997,0.0,0.43884892086330934
aged,11 CNU-HYa GABA,076 MEA-BST Lhx6 Nfib Gaba,204,7,3.3897626,4.8720684,0.5882352941176471
aged,11 CNU-HYa GABA,085 SI-MPO-LPO Lhx8 Gaba,273,7,4.5155306,5.3082285,0.7728937728937729
aged,11 CNU-HYa GABA,086 MPO-ADP Lhx8 Gaba,167,11,4.959993,5.8515997,0.8083832335329342
aged,11 CNU-HYa GABA,089 PVR Six3 Sox3 Gaba,395,7,4.3954134,5.5556693,0.7088607594936709
aged,11 CNU-HYa GABA,090 BST-MPN Six3 Nrgn Gaba,930,9,4.897812,5.7683115,0.8161290322580645
aged,12 HY GABA,091 ARH-PVi Six6 Dopa-Gaba,133,5,4.210993,5.128986,0.7518796992481203
aged,12 HY GABA,092 TMv-PMv Tbx3 Hist-Gaba,50,6,5.5531983,5.9609957,0.94
aged,12 HY GABA,094 SCH Six6 Cdc14a Gaba,670,5,4.766486,5.9098372,0.7417910447761195
aged,12 HY GABA,095 DMH Prdm13 Gaba,554,5,4.960129,6.0733547,0.7635379061371841
aged,12 HY GABA,097 PVHd-SBPV Six3 Prox1 Gaba,1753,19,4.6302533,5.654159,0.768967484312607
aged,12 HY GABA,098 AHN-SBPV-PVHd Pdrm12 Gaba,889,5,4.6561165,5.6809735,0.7592800899887514
aged,12 HY GABA,099 SBPV-PVa Six6 Satb2 Gaba,681,6,4.74253,5.7316623,0.7738619676945668
aged,12 HY GABA,100 AHN Onecut3 Gaba,406,7,4.524943,5.5519934,0.7610837438423645
aged,12 HY GABA,102 DMH-LHA Gsx1 Gaba,497,6,4.8949246,5.8453794,0.8008048289738431
aged,12 HY GABA,103 PVHd-DMH Lhx6 Gaba,100,5,5.2244287,5.94358,0.85
aged,12 HY GABA,104 TU-ARH Otp Six6 Gaba,680,5,4.488016,5.4955683,0.7676470588235295
aged,12 HY GABA,105 TMd-DMH Foxd2 Gaba,396,5,4.5140543,5.6775365,0.7323232323232324
aged,12 HY GABA,106 PVpo-VMPO-MPN Hmx2 Gaba,1762,8,4.430178,5.301132,0.7724177071509648
aged,12 HY GABA,107 DMH Hmx2 Gaba,1061,5,4.540318,5.589824,0.7577756833176249
aged,12 HY GABA,108 ARH-PVp Tbx3 Gaba,586,5,4.836071,5.7832375,0.7901023890784983
aged,13 CNU-HYa Glut,111 TRS-BAC Sln Glut,89,4,4.369321,5.7042584,0.6853932584269663
aged,13 CNU-HYa Glut,114 COAa-PAA-MEA Barhl2 Glut,51,9,3.9860356,5.0101357,0.7254901960784313
aged,13 CNU-HYa Glut,116 AVPV-MEPO-SFO Tbr1 Glut,366,7,3.8278248,4.9579644,0.6666666666666666
aged,13 CNU-HYa Glut,118 ADP-MPO Trp73 Glut,116,6,4.3950486,5.48687,0.75
aged,14 HY Glut,123 DMH Nkx2-4 Glut,881,5,4.683919,5.9812055,0.717366628830874
aged,14 HY Glut,124 MPN-MPO-PVpo Hmx2 Glut,1398,8,4.9799747,5.738061,0.8333333333333334
aged,14 HY Glut,125 DMH Hmx2 Glut,573,5,4.5751376,5.6832523,0.7556719022687609
aged,14 HY Glut,126 ARH-PVp Tbx3 Glut,584,5,5.235329,6.0146933,0.8441780821917808
aged,14 HY Glut,127 DMH-LHA Vgll2 Glut,207,7,4.4625893,5.5464373,0.748792270531401
aged,14 HY Glut,128 VMH Fezf1 Glut,321,6,4.941676,5.8547945,0.8130841121495327
aged,14 HY Glut,129 VMH Nr5a1 Glut,1655,7,5.4867797,6.181811,0.8706948640483384
aged,14 HY Glut,131 LHA-AHN-PVH Otp Trh Glut,254,9,4.186611,5.266897,0.7362204724409449
aged,14 HY Glut,132 AHN-RCH-LHA Otp Fezf1 Glut,369,5,4.914547,5.730003,0.8292682926829268
aged,14 HY Glut,133 PVH-SO-PVa Otp Glut,875,8,4.383786,5.409209,0.7588571428571429
aged,14 HY Glut,134 PH-ant-LHA Otp Bsx Glut,174,5,4.7925625,5.5659313,0.8160919540229885
aged,14 HY Glut,135 STN-PSTN Pitx2 Glut,151,8,4.3000827,5.34511,0.7483443708609272
aged,14 HY Glut,136 PMv-TMv Pitx2 Glut,261,8,3.8621995,4.7729073,0.7279693486590039
aged,14 HY Glut,137 PH-an Pitx2 Glut,223,5,4.545702,5.424403,0.7668161434977578
aged,14 HY Glut,138 PH Pitx2 Glut,374,15,4.774479,5.5180182,0.8235294117647058
aged,14 HY Glut,140 PMd-LHA Foxb1 Glut,373,5,5.037787,5.9359975,0.8123324396782842
aged,14 HY Glut,141 PH-SUM Foxa1 Glut,596,15,4.2153373,5.336753,0.7197986577181208
aged,16 HY MM Glut,143 MM-ant Foxb1 Glut,777,6,5.2349653,6.077628,0.8391248391248392
aged,16 HY MM Glut,144 MM Foxb1 Glut,1142,7,5.412714,6.1576066,0.8555166374781086
aged,19 MB Glut,155 PRC-PAG Pax6 Glut,1438,30,4.614034,5.627802,0.7663421418636995
aged,19 MB Glut,156 MB-ant-ve Dmrta2 Glut,69,11,5.599178,6.0940537,0.927536231884058
aged,19 MB Glut,159 IF-RL-CLI-PAG Foxa1 Glut,660,16,4.668466,5.7901115,0.7454545454545455
aged,19 MB Glut,160 PAG-SC Neurod2 Meis2 Glut,463,6,4.8525486,6.043989,0.7473002159827213
aged,19 MB Glut,161 PAG Pou4f3 Glut,909,5,4.8381977,5.836279,0.7843784378437844
aged,19 MB Glut,162 CUN Evx2 Lhx2 Glut,594,6,4.831693,5.7302313,0.7962962962962963
aged,19 MB Glut,165 PAG-MRN Pou3f1 Glut,775,13,4.4270387,5.5384216,0.7419354838709677
aged,19 MB Glut,166 MRN Pou3f1 C1ql4 Glut,91,7,5.331249,5.923999,0.8791208791208791
aged,19 MB Glut,167 PRC-PAG Tcf7l2 Irx2 Glut,503,6,4.785989,5.766033,0.7773359840954275
aged,19 MB Glut,169 PAG-SC Pou4f1 Zic1 Glut,585,8,5.2640357,5.9699664,0.8547008547008547
aged,19 MB Glut,170 PAG-MRN Tfap2b Glut,1048,6,4.779846,5.721794,0.7881679389312977
aged,19 MB Glut,171 PAG Pou4f1 Bnc2 Glut,603,6,4.591473,5.6419983,0.7595356550580431
aged,19 MB Glut,172 PAG Pou4f1 Ebf2 Glut,2696,5,4.5391865,5.5860147,0.7548219584569733
aged,19 MB Glut,173 PAG Pou4f2 Glut,1925,6,4.494636,5.622897,0.7371428571428571
aged,19 MB Glut,174 PAG Pou4f2 Mesi2 Glut,1728,5,4.4648614,5.533168,0.7418981481481481
aged,19 MB Glut,176 SCig Foxb1 Glut,121,5,5.1882915,5.983591,0.8429752066115702
aged,19 MB Glut,179 SCdg-PAG Tfap2b Glut,206,5,4.2346654,5.2669287,0.7184466019417476
aged,19 MB Glut,182 CUN-PPN Evx2 Meis2 Glut,195,8,4.9595604,5.4853373,0.8512820512820513
aged,19 MB Glut,190 ND-INC Foxd2 Glut,196,11,4.8327913,5.5473137,0.8214285714285714
aged,20 MB GABA,191 PAG-MRN Rln3 Gaba,87,13,4.411653,5.369909,0.7816091954022989
aged,20 MB GABA,192 PPN-CUN-PCG Otp En1 Gaba,111,6,3.7902167,5.1871877,0.6486486486486487
aged,20 MB GABA,193 MRN-PPN-CUN Pax8 Gaba,252,9,5.3262095,6.395899,0.8015873015873016
aged,20 MB GABA,194 MRN-VTN-PPN Pax5 Cdh23 Gaba,222,12,4.6964717,5.5318737,0.7972972972972973
aged,20 MB GABA,195 SNr-VTA Pax5 Npas1 Gaba,229,8,4.8214064,5.50804,0.8646288209606987
aged,20 MB GABA,196 PAG-PPN Pax5 Sox21 Gaba,656,13,4.4859104,5.5976872,0.7362804878048781
aged,20 MB GABA,197 SNr Six3 Gaba,534,10,5.410707,5.945046,0.9026217228464419
aged,20 MB GABA,198 IC Six3 En2 Gaba,420,5,4.1054335,5.5125704,0.6571428571428571
aged,20 MB GABA,199 PAG-MRN-RN Foxa2 Gaba,359,19,5.1616983,5.8990574,0.8523676880222841
aged,20 MB GABA,200 PAG-ND-PCG Onecut1 Gaba,806,13,4.9329467,5.876561,0.8027295285359801
aged,20 MB GABA,201 PAG-RN Nkx2-2 Otx1 Gaba,865,7,4.596361,5.614393,0.7514450867052023
aged,20 MB GABA,202 PRT Tcf7l2 Gaba,427,12,4.602304,5.6161237,0.7681498829039812
aged,20 MB GABA,205 SC-PAG Lef1 Emx2 Gaba,484,5,4.7042174,5.8749456,0.75
aged,20 MB GABA,206 SCm-PAG Cdh23 Gaba,820,6,4.395685,5.7410145,0.7012195121951219
aged,20 MB GABA,214 IPN Otp Crisp1 Gaba,1087,12,5.4196014,6.2368484,0.8408463661453542
aged,21 MB Dopa,215 SNc-VTA-RAmb Foxa1 Dopa,1812,19,4.046974,4.8643255,0.7637969094922737
aged,22 MB-HB Sero,216 MB-MY Tph2 Glut-Sero,1190,11,4.127213,5.1326303,0.7344537815126051
aged,23 P Glut,220 PB Pax5 Glut,94,7,3.9844043,5.185182,0.7021276595744681
aged,23 P Glut,221 LDT-PCG Vsx2 Lhx4 Glut,2666,11,4.5459175,5.702469,0.7273068267066767
aged,23 P Glut,223 B-PB Nr4a2 Glut,208,11,4.6160817,5.5472,0.7980769230769231
aged,23 P Glut,224 PCG-PRNr Vsx2 Nkx6-1 Glut,895,11,4.3863945,5.571129,0.7184357541899441
aged,23 P Glut,225 PRNc-NI-SG-RPO Vsx2 Nr4a2 Glut,754,10,4.773085,5.740343,0.7625994694960212
aged,23 P Glut,226 PRNc-PARN Tlx1 Glut,37,6,4.092253,5.3596087,0.7297297297297297
aged,23 P Glut,230 PRNr Otp Nfib Glut,168,10,5.06256,5.8500595,0.8333333333333334
aged,23 P Glut,231 IPN-LDT Vsx2 Nkx6-1 Glut,271,11,4.4155807,5.5412817,0.7232472324723247
aged,23 P Glut,232 LDT Vsx2 Nkx6-1 Nfib Glut,455,5,4.10078,5.3442173,0.676923076923077
aged,23 P Glut,235 PG-TRN-LRN Fat2 Glut,2591,10,5.194348,5.7954683,0.8764955615592436
aged,24 MY Glut,237 PRP-NI-PRNc-GRN Otp Glut,310,11,5.3915524,6.161268,0.8483870967741935
aged,24 MY Glut,251 NTS Dbh Glut,140,22,4.309374,5.438615,0.7428571428571429
aged,26 P GABA,263 CS-RPO Meis2 Gaba,1062,11,4.81378,5.847584,0.7702448210922788
aged,26 P GABA,264 PRNc Otp Gly-Gaba,1324,10,5.196649,6.041638,0.8368580060422961
aged,26 P GABA,265 PB Sst Gly-Gaba,94,9,4.377462,5.4412045,0.7021276595744681
aged,26 P GABA,266 PRNc Prox1 Brs3 Gly-Gaba,93,9,5.312649,6.1261225,0.8387096774193549
aged,26 P GABA,267 CS-PRNr-PCG Tmem163 Otp Gaba,985,12,5.1164865,6.0850244,0.8071065989847716
aged,26 P GABA,268 CS-PRNr-DR En1 Sox2 Gaba,585,13,4.6443415,5.664879,0.7726495726495727
aged,26 P GABA,269 LDT Fgf7 Gaba,246,8,4.186161,5.58642,0.6747967479674797
aged,26 P GABA,270 LDT-DTN Gata3 Nfix Gaba,427,8,4.9758697,5.7923036,0.8360655737704918
aged,26 P GABA,271 NI-RPO Gata3 Nr4a2 Gaba,589,11,4.5105095,5.6086745,0.7470288624787776
aged,26 P GABA,272 LDT-PCG-CS Gata3 Lhx1 Gaba,690,11,4.7881794,5.7165785,0.8
aged,26 P GABA,273 PDTg-PCG Pax6 Gaba,2175,11,4.4814553,5.67508,0.7268965517241379
aged,26 P GABA,274 PDTg Otp Shroom3 Gaba,229,5,4.625342,5.7836194,0.7248908296943232
aged,26 P GABA,275 PDTg Otp Olig3 Gaba,736,6,4.849463,5.7377095,0.7880434782608695
aged,26 P GABA,276 LDT-PCG St18 Gaba,759,10,4.734041,5.8422194,0.7562582345191041
aged,26 P GABA,277 DTN-LDT-IPN Otp Pax3 Gaba,2065,11,5.0375404,6.077203,0.784503631961259
aged,30 Astro-Epen,318 Astro-NT NN,72406,40,3.9844875,6.5317683,0.5189072728779383
aged,30 Astro-Epen,319 Astro-TE NN,93059,40,3.7071145,0.0,0.4975015850159576
aged,30 Astro-Epen,321 Astroependymal NN,244,16,3.0076435,0.0,0.4016393442622951
aged,30 Astro-Epen,322 Tanycyte NN,1046,8,4.295931,6.426261,0.5908221797323135
aged,30 Astro-Epen,323 Ependymal NN,1273,21,2.4813673,0.0,0.3558523173605656
aged,30 Astro-Epen,324 Hypendymal NN,84,4,6.8535743,7.5749836,0.9047619047619048
aged,31 OPC-Oligo,326 OPC NN,54927,44,6.969838,7.8079867,0.879494601926193
aged,31 OPC-Oligo,327 Oligo NN,81823,44,8.226858,8.717043,0.9499651687178422
aged,33 Vascular,329 ABC NN,292,19,5.88803,7.1656914,0.7945205479452054
aged,33 Vascular,330 VLMC NN,3105,43,3.547498,0.0,0.47665056360708535
aged,33 Vascular,331 Peri NN,11374,44,2.644782,0.0,0.3291717953226657
aged,33 Vascular,332 SMC NN,6692,44,4.452925,6.8872547,0.5757621040047818
aged,33 Vascular,333 Endo NN,28556,44,3.289832,0.0,0.4286664798991455
aged,34 Immune,334 Microglia NN,45489,43,3.704404,0.0,0.4877223064916793
aged,34 Immune,335 BAM NN,1568,35,3.7111888,0.0,0.4942602040816326
aged,34 Immune,337 DC NN,150,31,2.433787,0.0,0.35333333333333333
aged,34 Immune,338 Lymphoid NN,262,33,0.8242606,0.0,0.11068702290076336
