subclass,class,neurotransmitter,n_cells,mean_Kif13a,median_Kif13a,fraction_expressing
007 L2/3 IT CTX Glut,01 IT-ET Glut,Glut,2,2.6217072,2.6217072,0.5
045 OB-STR-CTX Inh IMN,05 OB-IMN GABA,GABA,1,0.0,0.0,0.0
049 Lamp5 Gaba,06 CTX-CGE GABA,GABA,2,5.8828983,5.8828983,1.0
060 OT D3 Folh1 Gaba,09 CNU-LGE GABA,GABA,5,2.717924,0.0,0.4
097 PVHd-SBPV Six3 Prox1 Gaba,12 HY GABA,GABA,4,4.7987986,6.2224135,0.75
101 ZI Pax6 Gaba,12 HY GABA,GABA,52,5.211695,5.6880674,0.8846153846153846
103 PVHd-DMH Lhx6 Gaba,12 HY GABA,GABA,1,5.9259706,5.9259706,1.0
109 LGv-ZI Otx2 Gaba,12 HY GABA,GABA,2,7.146887,7.146887,1.0
112 GPi Tbr1 Cngb3 Gaba-Glut,13 CNU-HYa Glut,Glut-GABA,1,6.7444034,6.7444034,1.0
117 LHA Barhl2 Glut,13 CNU-HYa Glut,Glut,2,6.3769255,6.3769255,1.0
125 DMH Hmx2 Glut,14 HY Glut,Glut,1,5.479881,5.479881,1.0
127 DMH-LHA Vgll2 Glut,14 HY Glut,Glut,1,0.0,0.0,0.0
132 AHN-RCH-LHA Otp Fezf1 Glut,14 HY Glut,Glut,1,5.551483,5.551483,1.0
134 PH-ant-LHA Otp Bsx Glut,14 HY Glut,Glut,6,4.8423467,5.730528,0.8333333333333334
138 PH Pitx2 Glut,14 HY Glut,Glut,3,5.115214,4.9460673,1.0
141 PH-SUM Foxa1 Glut,14 HY Glut,Glut,1,4.3558955,4.3558955,1.0
155 PRC-PAG Pax6 Glut,19 MB Glut,Glut,12,3.8111036,5.2976265,0.5833333333333334
156 MB-ant-ve Dmrta2 Glut,19 MB Glut,Glut,8,4.455118,4.884283,0.875
158 MRN-PAG Nkx6-1 Glut,19 MB Glut,Glut,5,3.6180725,5.2854443,0.6
158 MRN-PAG Nkx6-1 Glut,19 MB Glut,Glut-GABA,5,3.4569519,5.719977,0.6
160 PAG-SC Neurod2 Meis2 Glut,19 MB Glut,Glut,12,4.3318863,5.896532,0.6666666666666666
161 PAG Pou4f3 Glut,19 MB Glut,Glut,2,6.979638,6.979638,1.0
162 CUN Evx2 Lhx2 Glut,19 MB Glut,Glut,14,5.4935956,5.831589,0.9285714285714286
164 APN C1ql4 Glut,19 MB Glut,Glut,2,3.1702385,3.1702385,0.5
165 PAG-MRN Pou3f1 Glut,19 MB Glut,Glut,9,3.0148427,4.695006,0.5555555555555556
167 PRC-PAG Tcf7l2 Irx2 Glut,19 MB Glut,Glut,3,6.01481,6.0492153,1.0
168 SPA-SPFm-SPFp-POL-PIL-PoT Sp9 Glut,19 MB Glut,Glut,3,6.044766,6.116415,1.0
169 PAG-SC Pou4f1 Zic1 Glut,19 MB Glut,Glut,4,4.93093,6.3258495,0.75
170 PAG-MRN Tfap2b Glut,19 MB Glut,Glut,20,4.1887584,5.584443,0.7
171 PAG Pou4f1 Bnc2 Glut,19 MB Glut,Glut,3,6.3610616,6.8957596,1.0
172 PAG Pou4f1 Ebf2 Glut,19 MB Glut,Glut,5,3.4818807,4.6886315,0.6
173 PAG Pou4f2 Glut,19 MB Glut,Glut,2,0.0,0.0,0.0
174 PAG Pou4f2 Mesi2 Glut,19 MB Glut,Glut,1,6.2817163,6.2817163,1.0
176 SCig Foxb1 Glut,19 MB Glut,Glut,1,0.0,0.0,0.0
179 SCdg-PAG Tfap2b Glut,19 MB Glut,Glut,1,4.974296,4.974296,1.0
180 SCiw Pitx2 Glut,19 MB Glut,Glut,8,6.277885,6.285962,1.0
181 IC Tfap2d Maf Glut,19 MB Glut,Glut,24,3.4675534,4.7893267,0.5833333333333334
182 CUN-PPN Evx2 Meis2 Glut,19 MB Glut,Chol,74,4.220779,5.0338745,0.7972972972972973
182 CUN-PPN Evx2 Meis2 Glut,19 MB Glut,Dopa,25,4.780307,5.4958067,0.84
182 CUN-PPN Evx2 Meis2 Glut,19 MB Glut,Glut,371,4.868457,5.6958175,0.8194070080862533
183 PBG Mtnr1a Glut-Chol,19 MB Glut,Chol,11,3.9367716,5.2143865,0.7272727272727273
185 SCig Tfap2b Chrnb3 Glut,19 MB Glut,Glut,1,0.0,0.0,0.0
186 SCop Pou4f2 Neurod2 Glut,19 MB Glut,Glut,1,4.7574015,4.7574015,1.0
187 SCsg Pde5a Glut,19 MB Glut,Glut,1,5.5534286,5.5534286,1.0
190 ND-INC Foxd2 Glut,19 MB Glut,Glut,2,6.7274,6.7274,1.0
191 PAG-MRN Rln3 Gaba,20 MB GABA,GABA,1,0.0,0.0,0.0
192 PPN-CUN-PCG Otp En1 Gaba,20 MB GABA,GABA,550,4.698926,5.809706,0.7545454545454545
192 PPN-CUN-PCG Otp En1 Gaba,20 MB GABA,Glut-GABA,20,4.7781587,5.5523663,0.8
193 MRN-PPN-CUN Pax8 Gaba,20 MB GABA,GABA,19,4.6400075,5.3652587,0.7894736842105263
193 MRN-PPN-CUN Pax8 Gaba,20 MB GABA,GABA-Glyc,6,5.3936543,6.0953436,0.8333333333333334
194 MRN-VTN-PPN Pax5 Cdh23 Gaba,20 MB GABA,GABA,66,4.8322835,5.524373,0.8484848484848485
195 SNr-VTA Pax5 Npas1 Gaba,20 MB GABA,GABA,4,3.3408098,3.1146207,0.5
196 PAG-PPN Pax5 Sox21 Gaba,20 MB GABA,GABA,16,4.673501,5.012473,0.8125
197 SNr Six3 Gaba,20 MB GABA,GABA,3,5.7056994,5.651969,1.0
198 IC Six3 En2 Gaba,20 MB GABA,GABA,88,4.3537755,5.326934,0.7386363636363636
199 PAG-MRN-RN Foxa2 Gaba,20 MB GABA,GABA,9,4.1108303,5.0836806,0.7777777777777778
200 PAG-ND-PCG Onecut1 Gaba,20 MB GABA,GABA,774,5.119389,5.911173,0.8281653746770026
200 PAG-ND-PCG Onecut1 Gaba,20 MB GABA,GABA-Glyc,82,4.8071265,5.379443,0.8170731707317073
201 PAG-RN Nkx2-2 Otx1 Gaba,20 MB GABA,GABA,6,6.31276,7.268834,0.8333333333333334
201 PAG-RN Nkx2-2 Otx1 Gaba,20 MB GABA,GABA-Glyc,4,4.333111,5.314474,0.75
202 PRT Tcf7l2 Gaba,20 MB GABA,GABA,45,4.4751487,5.4484305,0.7333333333333333
203 LGv-SPFp-SPFm Nkx2-2 Tcf7l2 Gaba,20 MB GABA,GABA,1,0.0,0.0,0.0
204 SC Otx2 Gcnt4 Gaba,20 MB GABA,GABA,1,0.0,0.0,0.0
205 SC-PAG Lef1 Emx2 Gaba,20 MB GABA,GABA,4,6.4515224,6.445559,1.0
206 SCm-PAG Cdh23 Gaba,20 MB GABA,GABA,4,4.640689,5.6796756,0.75
207 SCs Dmbx1 Gaba,20 MB GABA,GABA,5,4.7597556,5.8543644,0.8
208 SC Lef1 Otx2 Gaba,20 MB GABA,GABA,1,7.433055,7.433055,1.0
209 SCs Pax7 Nfia Gaba,20 MB GABA,GABA,2,6.5673285,6.5673285,1.0
212 SCs Lef1 Gli3 Gaba,20 MB GABA,GABA,1,7.183823,7.183823,1.0
213 SCsg Gabrr2 Gaba,20 MB GABA,GABA,9,2.8414924,0.0,0.4444444444444444
214 IPN Otp Crisp1 Gaba,20 MB GABA,GABA,89,4.94091,6.0726247,0.7640449438202247
214 IPN Otp Crisp1 Gaba,20 MB GABA,Glut-GABA,1,7.65669,7.65669,1.0
215 SNc-VTA-RAmb Foxa1 Dopa,21 MB Dopa,Dopa,15,4.7182827,5.5561895,0.8
215 SNc-VTA-RAmb Foxa1 Dopa,21 MB Dopa,Glut-GABA,2,2.4099045,2.4099045,0.5
216 MB-MY Tph2 Glut-Sero,22 MB-HB Sero,Glut,362,4.4108114,5.414143,0.7569060773480663
216 MB-MY Tph2 Glut-Sero,22 MB-HB Sero,Sero,477,4.2349143,5.057145,0.7882599580712788
217 PB Lmx1a Glut,23 P Glut,Chol,55,4.3656106,5.3948936,0.8
217 PB Lmx1a Glut,23 P Glut,Glut,2191,4.466488,5.4410825,0.7685988133272479
218 PSV Lmx1a Trpv6 Glut,23 P Glut,Glut,136,4.912243,6.032729,0.7794117647058824
219 PB-SUT Tlx3 Lhx2 Glut,23 P Glut,Glut,110,4.68232,5.384765,0.7909090909090909
220 PB Pax5 Glut,23 P Glut,Glut,372,4.680661,5.7936025,0.7634408602150538
221 LDT-PCG Vsx2 Lhx4 Glut,23 P Glut,Glut,2876,4.489455,5.760805,0.7183588317107094
222 PB Evx2 Glut,23 P Glut,Chol,14,5.353048,5.572401,0.9285714285714286
222 PB Evx2 Glut,23 P Glut,Glut,3168,4.5710397,5.501587,0.7803030303030303
222 PB Evx2 Glut,23 P Glut,Glut-GABA,17,4.810206,6.047965,0.7647058823529411
223 B-PB Nr4a2 Glut,23 P Glut,Glut,317,4.7614813,5.585799,0.8201892744479495
224 PCG-PRNr Vsx2 Nkx6-1 Glut,23 P Glut,Glut,1473,4.683917,5.7623315,0.7644263408010862
225 PRNc-NI-SG-RPO Vsx2 Nr4a2 Glut,23 P Glut,Glut,990,4.510366,5.766508,0.7161616161616161
226 PRNc-PARN Tlx1 Glut,23 P Glut,Glut,181,4.445456,5.4290805,0.7513812154696132
227 PB-PSV Phox2b Glut,23 P Glut,Glut,73,4.665096,5.820377,0.7534246575342466
228 PSV Pvalb Lhx2 Glut,23 P Glut,Glut,716,4.65811,5.714135,0.7639664804469274
229 PB-NTS Phox2b Ebf3 Lmx1b Glut,23 P Glut,Glut,485,4.7438045,5.5979767,0.8
230 PRNr Otp Nfib Glut,23 P Glut,Glut,211,5.177717,6.1160746,0.8293838862559242
231 IPN-LDT Vsx2 Nkx6-1 Glut,23 P Glut,Glut,12,3.785373,4.970935,0.6666666666666666
232 LDT Vsx2 Nkx6-1 Nfib Glut,23 P Glut,Glut,4,2.8819427,2.321175,0.5
233 NLL-SOC Spp1 Glut,23 P Glut,Glut,17,5.2643666,5.2885995,0.9411764705882353
234 MEV Ppp1r1c Glut,19 MB Glut,Glut,3,5.1117253,5.430356,1.0
235 PG-TRN-LRN Fat2 Glut,23 P Glut,Glut,3143,4.6585855,5.5733323,0.7954183900731785
236 IRN Vip Glut,24 MY Glut,Glut,6,6.2041116,6.52071,1.0
237 PRP-NI-PRNc-GRN Otp Glut,24 MY Glut,Glut,949,5.040191,5.993619,0.8113804004214963
238 NTS Phox2b Glut,24 MY Glut,Glut,65,4.6886935,5.5517426,0.8
239 MARN-GRN Pyy Glut,24 MY Glut,Glut,3,6.6926455,6.625501,1.0
242 PGRNd Dmbx1 Glut,24 MY Glut,Chol,2,4.9756155,4.9756155,1.0
242 PGRNd Dmbx1 Glut,24 MY Glut,Glut,9,4.5247746,4.5641003,0.8888888888888888
243 PGRN-PARN-MDRN Hoxb5 Glut,24 MY Glut,Glut,375,5.1278234,5.771795,0.8613333333333333
243 PGRN-PARN-MDRN Hoxb5 Glut,24 MY Glut,Glut-GABA,23,5.060337,6.1222444,0.8260869565217391
245 SPVI-SPVC Tlx3 Ebf3 Glut,24 MY Glut,Glut,9,4.224824,4.8760147,0.7777777777777778
246 CU-ECU-SPVI Foxb1 Glut,24 MY Glut,Glut,35,5.370301,5.8354964,0.9142857142857143
247 MV-SPIV Phox2b Ebf3 Lbx1 Glut,24 MY Glut,Glut,60,4.712285,5.82611,0.75
248 MV-SPIV Zic4 Neurod2 Glut,24 MY Glut,Chol,2,5.4452257,5.4452257,1.0
248 MV-SPIV Zic4 Neurod2 Glut,24 MY Glut,Glut,10,6.080894,5.957816,1.0
250 CBN Neurod2 Pvalb Glut,24 MY Glut,Glut,15,6.1587586,6.6554527,0.9333333333333333
251 NTS Dbh Glut,24 MY Glut,Glut,50,4.827894,5.672556,0.82
251 NTS Dbh Glut,24 MY Glut,Nora,14,5.0301323,5.041376,1.0
252 DMX VII Tbx20 Chol,24 MY Glut,Chol,38,4.1053805,5.214733,0.7105263157894737
254 VCO Mafa Meis2 Glut,24 MY Glut,Glut,1,6.165992,6.165992,1.0
255 SPVO Mafa Meis2 Glut,24 MY Glut,Glut,11,5.7534456,7.0625887,0.8181818181818182
261 HB Calcb Chol,24 MY Glut,Chol,5,0.0,0.0,0.0
263 CS-RPO Meis2 Gaba,26 P GABA,GABA,1099,4.7242,5.8496704,0.7561419472247498
263 CS-RPO Meis2 Gaba,26 P GABA,GABA-Glyc,36,5.67448,6.222509,0.8888888888888888
263 CS-RPO Meis2 Gaba,26 P GABA,Glut-GABA,221,5.0939794,6.0954256,0.8054298642533937
264 PRNc Otp Gly-Gaba,26 P GABA,GABA,112,4.8426366,5.638073,0.8125
264 PRNc Otp Gly-Gaba,26 P GABA,GABA-Glyc,1580,5.024611,5.9200535,0.8088607594936709
265 PB Sst Gly-Gaba,26 P GABA,GABA-Glyc,145,5.0067806,5.826645,0.8068965517241379
266 PRNc Prox1 Brs3 Gly-Gaba,26 P GABA,GABA-Glyc,150,5.312009,6.083053,0.8466666666666667
267 CS-PRNr-PCG Tmem163 Otp Gaba,26 P GABA,GABA,960,4.991542,5.954691,0.8
268 CS-PRNr-DR En1 Sox2 Gaba,26 P GABA,GABA,497,4.5773907,5.578775,0.7605633802816901
269 LDT Fgf7 Gaba,26 P GABA,GABA,139,4.7210135,5.8519216,0.7769784172661871
270 LDT-DTN Gata3 Nfix Gaba,26 P GABA,GABA,658,4.975355,5.810228,0.8267477203647416
271 NI-RPO Gata3 Nr4a2 Gaba,26 P GABA,GABA,345,4.874381,5.793245,0.8
271 NI-RPO Gata3 Nr4a2 Gaba,26 P GABA,Glut,145,4.9999657,5.780074,0.8275862068965517
271 NI-RPO Gata3 Nr4a2 Gaba,26 P GABA,Glut-GABA,371,4.814853,5.9767547,0.7654986522911051
272 LDT-PCG-CS Gata3 Lhx1 Gaba,26 P GABA,GABA,540,4.95656,5.883316,0.812962962962963
272 LDT-PCG-CS Gata3 Lhx1 Gaba,26 P GABA,Glut-GABA,215,4.858906,5.788839,0.8093023255813954
273 PDTg-PCG Pax6 Gaba,26 P GABA,GABA,1990,4.861214,5.879963,0.7844221105527638
273 PDTg-PCG Pax6 Gaba,26 P GABA,Glut-GABA,578,3.8600566,5.463854,0.610726643598616
274 PDTg Otp Shroom3 Gaba,26 P GABA,GABA,344,4.681934,5.9592733,0.7325581395348837
275 PDTg Otp Olig3 Gaba,26 P GABA,GABA,1070,4.826524,5.8350096,0.788785046728972
276 LDT-PCG St18 Gaba,26 P GABA,GABA,722,4.626066,5.7854996,0.7409972299168975
276 LDT-PCG St18 Gaba,26 P GABA,GABA-Glyc,87,4.9506617,5.803061,0.7816091954022989
277 DTN-LDT-IPN Otp Pax3 Gaba,26 P GABA,GABA,2410,5.064669,6.1373034,0.7858921161825726
278 NLL Gata3 Gly-Gaba,26 P GABA,GABA-Glyc,203,4.367787,5.330073,0.7536945812807881
281 POR Gata3 Gly-Gaba,26 P GABA,GABA-Glyc,74,4.1319866,5.205684,0.7567567567567568
282 POR Spp1 Gly-Gaba,26 P GABA,GABA-Glyc,21,3.3824892,4.574613,0.6666666666666666
283 PRP Otp Gly-Gaba,27 MY GABA,GABA-Glyc,196,5.4204726,6.00109,0.8775510204081632
285 MY Lhx1 Gly-Gaba,27 MY GABA,Chol,2,2.6505795,2.6505795,0.5
285 MY Lhx1 Gly-Gaba,27 MY GABA,GABA,41,4.704035,5.580958,0.7804878048780488
285 MY Lhx1 Gly-Gaba,27 MY GABA,GABA-Glyc,528,4.7407584,5.63698,0.7992424242424242
286 PPY-PGRNl Vip Glyc-Gaba,27 MY GABA,GABA-Glyc,2,4.982766,4.982766,1.0
287 MV-SPIV-PRP Dmbx1 Gly-Gaba,27 MY GABA,GABA,58,6.052885,6.129196,0.9827586206896551
287 MV-SPIV-PRP Dmbx1 Gly-Gaba,27 MY GABA,GABA-Glyc,29,3.8926067,5.3678937,0.6206896551724138
289 MDRNd Prox1 Pax6 Gly-Gaba,27 MY GABA,GABA,24,4.835151,6.148531,0.7083333333333334
290 MY Prox1 Lmo7 Gly-Gaba,27 MY GABA,GABA-Glyc,71,5.5445843,6.148624,0.9014084507042254
291 NTS-MDRNd Prox1 Zic1 Gly-Gaba,27 MY GABA,GABA-Glyc,14,6.502877,6.798689,0.9285714285714286
292 MV Nkx6-1 Gly-Gaba,27 MY GABA,GABA-Glyc,15,5.928606,5.9911942,1.0
293 PAS-MV Ebf2 Gly-Gaba,27 MY GABA,GABA-Glyc,2,6.8855076,6.8855076,1.0
294 MV Pax6 Gly-Gaba,27 MY GABA,GABA-Glyc,56,5.700828,6.74236,0.8392857142857143
295 CBN Dmbx1 Gaba,27 MY GABA,GABA,12,3.674126,5.485351,0.5833333333333334
296 RPA Pax6 Hoxb5 Gly-Gaba,27 MY GABA,GABA-Glyc,12,4.824449,5.373227,0.8333333333333334
298 PRP Gata3 Slc6a5 Gly-Gaba,27 MY GABA,GABA-Glyc,20,7.178069,7.2784543,1.0
300 PARN-MDRNd-NTS Gbx2 Gly-Gaba,27 MY GABA,GABA-Glyc,6,5.0670743,6.1155887,0.8333333333333334
301 MV Nr4a2 Gly-Gaba,27 MY GABA,Dopa,18,4.3842087,5.301819,0.7777777777777778
302 MV Xdh Gly-Gaba,27 MY GABA,GABA-Glyc,9,2.569454,0.0,0.4444444444444444
303 IRN Dmbx1 Pax2 Gly-Gaba,27 MY GABA,GABA-Glyc,2,3.0316398,3.0316398,0.5
304 NTS-PARN Neurod2 Gly-Gaba,27 MY GABA,GABA-Glyc,20,4.697378,5.1394,0.85
308 DCO Il22 Gly-Gaba,28 CB GABA,GABA-Glyc,13,5.402405,6.8713923,0.7692307692307693
309 CB PLI Gly-Gaba,28 CB GABA,GABA,31,3.1523364,0.0,0.45161290322580644
309 CB PLI Gly-Gaba,28 CB GABA,GABA-Glyc,17,4.7475944,5.5256734,0.8235294117647058
310 CBX Golgi Gly-Gaba,28 CB GABA,GABA-Glyc,1,0.0,0.0,0.0
311 CBX MLI Megf11 Gaba,28 CB GABA,GABA,257,3.6719816,5.7221007,0.5525291828793775
312 CBX MLI Cdh22 Gaba,28 CB GABA,GABA,115,2.6537993,0.0,0.391304347826087
314 CB Granule Glut,29 CB Glut,Glut,1781,5.2189856,7.43758,0.6406513194834362
315 DCO UBC Glut,29 CB Glut,Glut,421,4.3473005,6.1751375,0.6223277909738717
316 Bergmann NN,30 Astro-Epen,,75,2.6737797,0.0,0.38666666666666666
317 Astro-CB NN,30 Astro-Epen,,16,1.9337268,0.0,0.25
318 Astro-NT NN,30 Astro-Epen,,24303,4.1497293,6.527334,0.5538410895774184
319 Astro-TE NN,30 Astro-Epen,,1,8.293671,8.293671,1.0
321 Astroependymal NN,30 Astro-Epen,,15,1.6230646,0.0,0.2
323 Ependymal NN,30 Astro-Epen,,385,3.5229566,5.0352035,0.522077922077922
326 OPC NN,31 OPC-Oligo,,7894,6.1971364,7.436407,0.805548517861667
327 Oligo NN,31 OPC-Oligo,,51224,7.540377,8.249561,0.9113696704669686
329 ABC NN,33 Vascular,,19,3.8429396,5.144461,0.5789473684210527
330 VLMC NN,33 Vascular,,629,3.7227964,0.0,0.49761526232114467
331 Peri NN,33 Vascular,,2344,3.069528,0.0,0.3843856655290102
332 SMC NN,33 Vascular,,1419,4.4530563,6.730746,0.5849189570119803
333 Endo NN,33 Vascular,,10761,4.132944,6.2908974,0.5507852430071555
334 Microglia NN,34 Immune,,3580,4.007379,6.493057,0.5237430167597765
335 BAM NN,34 Immune,,316,4.4687533,6.5810785,0.6012658227848101
336 Monocytes NN,34 Immune,,3,5.5163636,7.475154,0.6666666666666666
337 DC NN,34 Immune,,21,4.390167,6.6238503,0.6190476190476191
338 Lymphoid NN,34 Immune,,39,0.7876145,0.0,0.10256410256410256
