cluster_alias,cluster,supertype,subclass,class,neurotransmitter,n_cells,mean_Kif13a,median_Kif13a,fraction_expressing
1,0326 L2 IT PPP-APr Glut_3,0082 L2 IT PPP-APr Glut_3,018 L2 IT PPP-APr Glut,01 IT-ET Glut,Glut,200,3.020442,4.4918003,0.525
2,0327 L2 IT PPP-APr Glut_3,0082 L2 IT PPP-APr Glut_3,018 L2 IT PPP-APr Glut,01 IT-ET Glut,Glut,235,3.7775598,4.900546,0.676595744680851
3,0322 L2 IT PPP-APr Glut_2,0081 L2 IT PPP-APr Glut_2,018 L2 IT PPP-APr Glut,01 IT-ET Glut,Glut,85,2.8525667,0.0,0.47058823529411764
4,0323 L2 IT PPP-APr Glut_2,0081 L2 IT PPP-APr Glut_2,018 L2 IT PPP-APr Glut,01 IT-ET Glut,Glut,324,4.032067,5.307254,0.6604938271604939
5,0325 L2 IT PPP-APr Glut_2,0081 L2 IT PPP-APr Glut_2,018 L2 IT PPP-APr Glut,01 IT-ET Glut,Glut,117,4.220122,5.4128966,0.7008547008547008
6,0321 L2 IT PPP-APr Glut_1,0080 L2 IT PPP-APr Glut_1,018 L2 IT PPP-APr Glut,01 IT-ET Glut,Glut,156,3.2713826,4.632281,0.6025641025641025
7,0318 L2 IT PPP-APr Glut_1,0080 L2 IT PPP-APr Glut_1,018 L2 IT PPP-APr Glut,01 IT-ET Glut,Glut,99,2.741755,4.0052996,0.5151515151515151
8,0319 L2 IT PPP-APr Glut_1,0080 L2 IT PPP-APr Glut_1,018 L2 IT PPP-APr Glut,01 IT-ET Glut,Glut,113,2.8933947,4.2962866,0.5486725663716814
9,0320 L2 IT PPP-APr Glut_1,0080 L2 IT PPP-APr Glut_1,018 L2 IT PPP-APr Glut,01 IT-ET Glut,Glut,52,3.3531027,4.580527,0.6153846153846154
10,0328 L2 IT PPP-APr Glut_4,0083 L2 IT PPP-APr Glut_4,018 L2 IT PPP-APr Glut,01 IT-ET Glut,Glut,252,2.6476045,0.0,0.4722222222222222
11,0324 L2 IT PPP-APr Glut_2,0081 L2 IT PPP-APr Glut_2,018 L2 IT PPP-APr Glut,01 IT-ET Glut,Glut,176,2.6063404,0.0,0.42613636363636365
12,0451 L6 CT CTX Glut_5,0118 L6 CT CTX Glut_5,030 L6 CT CTX Glut,02 NP-CT-L6b Glut,Glut,1,4.694212,4.694212,1.0
13,0452 L6 CT CTX Glut_5,0118 L6 CT CTX Glut_5,030 L6 CT CTX Glut,02 NP-CT-L6b Glut,Glut,4,6.2673817,5.9867187,1.0
14,0424 L6b CTX Glut_1,0110 L6b CTX Glut_1,029 L6b CTX Glut,02 NP-CT-L6b Glut,Glut,5,5.8306246,7.1329203,0.8
15,0453 L6 CT CTX Glut_5,0118 L6 CT CTX Glut_5,030 L6 CT CTX Glut,02 NP-CT-L6b Glut,Glut,2,5.07827,5.07827,1.0
16,0408 L6b EPd Glut_3,0105 L6b EPd Glut_3,027 L6b EPd Glut,02 NP-CT-L6b Glut,Glut,8,2.9470584,3.8349202,0.625
17,0409 L6b EPd Glut_3,0105 L6b EPd Glut_3,027 L6b EPd Glut,02 NP-CT-L6b Glut,Glut,21,3.0264537,3.6445818,0.6190476190476191
19,0410 L6b/CT ENT Glut_1,0106 L6b/CT ENT Glut_1,028 L6b/CT ENT Glut,02 NP-CT-L6b Glut,Glut,391,3.3735576,4.289817,0.6649616368286445
20,0411 L6b/CT ENT Glut_1,0106 L6b/CT ENT Glut_1,028 L6b/CT ENT Glut,02 NP-CT-L6b Glut,Glut,110,3.6308866,4.367351,0.6909090909090909
22,0405 L6b EPd Glut_2,0104 L6b EPd Glut_2,027 L6b EPd Glut,02 NP-CT-L6b Glut,Glut,4,2.754936,2.1921725,0.5
23,0407 L6b EPd Glut_3,0105 L6b EPd Glut_3,027 L6b EPd Glut,02 NP-CT-L6b Glut,Glut,28,5.252021,5.5827966,0.9285714285714286
24,0414 L6b/CT ENT Glut_2,0107 L6b/CT ENT Glut_2,028 L6b/CT ENT Glut,02 NP-CT-L6b Glut,Glut,49,6.091422,6.507112,0.9387755102040817
25,0418 L6b/CT ENT Glut_3,0108 L6b/CT ENT Glut_3,028 L6b/CT ENT Glut,02 NP-CT-L6b Glut,Glut,78,4.9006424,5.7407737,0.8205128205128205
26,0419 L6b/CT ENT Glut_3,0108 L6b/CT ENT Glut_3,028 L6b/CT ENT Glut,02 NP-CT-L6b Glut,Glut,89,5.121066,5.589036,0.8876404494382022
27,0430 L6b CTX Glut_2,0111 L6b CTX Glut_2,029 L6b CTX Glut,02 NP-CT-L6b Glut,Glut,40,3.4889698,4.287594,0.675
28,0427 L6b CTX Glut_2,0111 L6b CTX Glut_2,029 L6b CTX Glut,02 NP-CT-L6b Glut,Glut,26,5.1928763,5.7678843,0.8846153846153846
29,0428 L6b CTX Glut_2,0111 L6b CTX Glut_2,029 L6b CTX Glut,02 NP-CT-L6b Glut,Glut,2,5.076326,5.076326,1.0
30,0429 L6b CTX Glut_2,0111 L6b CTX Glut_2,029 L6b CTX Glut,02 NP-CT-L6b Glut,Glut,1,0.0,0.0,0.0
31,0425 L6b CTX Glut_1,0110 L6b CTX Glut_1,029 L6b CTX Glut,02 NP-CT-L6b Glut,Glut,1,4.696319,4.696319,1.0
32,0426 L6b CTX Glut_1,0110 L6b CTX Glut_1,029 L6b CTX Glut,02 NP-CT-L6b Glut,Glut,3,2.444098,0.0,0.3333333333333333
33,0431 L6b CTX Glut_3,0112 L6b CTX Glut_3,029 L6b CTX Glut,02 NP-CT-L6b Glut,Glut,15,6.1966753,6.709444,0.9333333333333333
34,0432 L6b CTX Glut_3,0112 L6b CTX Glut_3,029 L6b CTX Glut,02 NP-CT-L6b Glut,Glut,1,7.87182,7.87182,1.0
38,0435 L6b CTX Glut_4,0113 L6b CTX Glut_4,029 L6b CTX Glut,02 NP-CT-L6b Glut,Glut,11,5.2285194,6.1504407,0.8181818181818182
39,0454 L6 CT CTX Glut_5,0118 L6 CT CTX Glut_5,030 L6 CT CTX Glut,02 NP-CT-L6b Glut,Glut,89,5.0906153,5.7151184,0.8876404494382022
40,0483 NP PPP Glut_1,0129 NP PPP Glut_1,034 NP PPP Glut,02 NP-CT-L6b Glut,Glut,27,6.8333364,6.988506,1.0
41,0484 NP PPP Glut_1,0129 NP PPP Glut_1,034 NP PPP Glut,02 NP-CT-L6b Glut,Glut,400,5.406351,6.140811,0.8625
42,0485 NP PPP Glut_1,0129 NP PPP Glut_1,034 NP PPP Glut,02 NP-CT-L6b Glut,Glut,108,5.627199,6.154682,0.8981481481481481
43,0415 L6b/CT ENT Glut_2,0107 L6b/CT ENT Glut_2,028 L6b/CT ENT Glut,02 NP-CT-L6b Glut,Glut,161,3.8744757,4.715857,0.7453416149068323
44,0421 L6b/CT ENT Glut_4,0109 L6b/CT ENT Glut_4,028 L6b/CT ENT Glut,02 NP-CT-L6b Glut,Glut,3091,4.168461,5.3035116,0.7020381753477839
45,0422 L6b/CT ENT Glut_4,0109 L6b/CT ENT Glut_4,028 L6b/CT ENT Glut,02 NP-CT-L6b Glut,Glut,214,4.1302137,5.1935606,0.7336448598130841
46,0412 L6b/CT ENT Glut_1,0106 L6b/CT ENT Glut_1,028 L6b/CT ENT Glut,02 NP-CT-L6b Glut,Glut,622,4.1679068,5.112672,0.7491961414790996
47,0423 L6b/CT ENT Glut_4,0109 L6b/CT ENT Glut_4,028 L6b/CT ENT Glut,02 NP-CT-L6b Glut,Glut,79,5.068667,5.8855977,0.8227848101265823
49,0413 L6b/CT ENT Glut_1,0106 L6b/CT ENT Glut_1,028 L6b/CT ENT Glut,02 NP-CT-L6b Glut,Glut,408,4.3869886,5.1766396,0.803921568627451
50,0416 L6b/CT ENT Glut_2,0107 L6b/CT ENT Glut_2,028 L6b/CT ENT Glut,02 NP-CT-L6b Glut,Glut,29,5.7203403,6.382299,0.896551724137931
51,0417 L6b/CT ENT Glut_2,0107 L6b/CT ENT Glut_2,028 L6b/CT ENT Glut,02 NP-CT-L6b Glut,Glut,37,3.820776,5.3374043,0.6486486486486487
52,0420 L6b/CT ENT Glut_3,0108 L6b/CT ENT Glut_3,028 L6b/CT ENT Glut,02 NP-CT-L6b Glut,Glut,126,4.9754457,5.801324,0.8571428571428571
53,0458 CT SUB Glut_1,0120 CT SUB Glut_1,031 CT SUB Glut,02 NP-CT-L6b Glut,Glut,1288,4.843122,5.8282065,0.7895962732919255
54,0459 CT SUB Glut_2,0121 CT SUB Glut_2,031 CT SUB Glut,02 NP-CT-L6b Glut,Glut,133,4.4134464,5.267718,0.7368421052631579
55,0460 CT SUB Glut_2,0121 CT SUB Glut_2,031 CT SUB Glut,02 NP-CT-L6b Glut,Glut,526,5.6542363,6.3093686,0.8878326996197718
58,0440 L6 CT CTX Glut_1,0114 L6 CT CTX Glut_1,030 L6 CT CTX Glut,02 NP-CT-L6b Glut,Glut,9,5.783632,6.4432592,0.8888888888888888
59,0455 L6 CT CTX Glut_5,0118 L6 CT CTX Glut_5,030 L6 CT CTX Glut,02 NP-CT-L6b Glut,Glut,7,5.135219,6.4477234,0.8571428571428571
60,0446 L6 CT CTX Glut_3,0116 L6 CT CTX Glut_3,030 L6 CT CTX Glut,02 NP-CT-L6b Glut,Glut,1,7.8922358,7.8922358,1.0
64,0436 L6 CT CTX Glut_1,0114 L6 CT CTX Glut_1,030 L6 CT CTX Glut,02 NP-CT-L6b Glut,Glut,9,5.615648,5.730285,1.0
65,0442 L6 CT CTX Glut_2,0115 L6 CT CTX Glut_2,030 L6 CT CTX Glut,02 NP-CT-L6b Glut,Glut,1,5.699671,5.699671,1.0
66,0437 L6 CT CTX Glut_1,0114 L6 CT CTX Glut_1,030 L6 CT CTX Glut,02 NP-CT-L6b Glut,Glut,11,3.978972,4.5918255,0.7272727272727273
72,0439 L6 CT CTX Glut_1,0114 L6 CT CTX Glut_1,030 L6 CT CTX Glut,02 NP-CT-L6b Glut,Glut,32,3.924926,5.3584137,0.6875
73,0450 L6 CT CTX Glut_4,0117 L6 CT CTX Glut_4,030 L6 CT CTX Glut,02 NP-CT-L6b Glut,Glut,2,3.1363428,3.1363428,0.5
75,0445 L6 CT CTX Glut_3,0116 L6 CT CTX Glut_3,030 L6 CT CTX Glut,02 NP-CT-L6b Glut,Glut,5,5.2177505,6.2929907,0.8
76,0464 L5 NP CTX Glut_2,0123 L5 NP CTX Glut_2,032 L5 NP CTX Glut,02 NP-CT-L6b Glut,Glut,3,3.8870747,5.058796,0.6666666666666666
78,0466 L5 NP CTX Glut_2,0123 L5 NP CTX Glut_2,032 L5 NP CTX Glut,02 NP-CT-L6b Glut,Glut,5,4.042896,5.0324492,0.8
79,0473 L5 NP CTX Glut_4,0125 L5 NP CTX Glut_4,032 L5 NP CTX Glut,02 NP-CT-L6b Glut,Glut,11,4.386479,5.740324,0.6363636363636364
80,0468 L5 NP CTX Glut_3,0124 L5 NP CTX Glut_3,032 L5 NP CTX Glut,02 NP-CT-L6b Glut,Glut,7,2.3829618,0.0,0.42857142857142855
83,0475 L5 NP CTX Glut_5,0126 L5 NP CTX Glut_5,032 L5 NP CTX Glut,02 NP-CT-L6b Glut,Glut,7,4.70773,6.4310045,0.7142857142857143
85,0462 L5 NP CTX Glut_1,0122 L5 NP CTX Glut_1,032 L5 NP CTX Glut,02 NP-CT-L6b Glut,Glut,1,0.0,0.0,0.0
86,0467 L5 NP CTX Glut_2,0123 L5 NP CTX Glut_2,032 L5 NP CTX Glut,02 NP-CT-L6b Glut,Glut,2,0.0,0.0,0.0
87,0463 L5 NP CTX Glut_1,0122 L5 NP CTX Glut_1,032 L5 NP CTX Glut,02 NP-CT-L6b Glut,Glut,12,5.0045204,6.267398,0.75
89,0471 L5 NP CTX Glut_3,0124 L5 NP CTX Glut_3,032 L5 NP CTX Glut,02 NP-CT-L6b Glut,Glut,1,0.0,0.0,0.0
91,0477 NP SUB Glut_1,0127 NP SUB Glut_1,033 NP SUB Glut,02 NP-CT-L6b Glut,Glut,65,4.1564927,5.241008,0.7384615384615385
92,0478 NP SUB Glut_1,0127 NP SUB Glut_1,033 NP SUB Glut,02 NP-CT-L6b Glut,Glut,34,5.1981587,5.815099,0.8529411764705882
93,0479 NP SUB Glut_2,0128 NP SUB Glut_2,033 NP SUB Glut,02 NP-CT-L6b Glut,Glut,155,4.317688,5.159773,0.7935483870967742
94,0480 NP SUB Glut_2,0128 NP SUB Glut_2,033 NP SUB Glut,02 NP-CT-L6b Glut,Glut,163,4.4067163,5.3411264,0.7730061349693251
95,0481 NP SUB Glut_2,0128 NP SUB Glut_2,033 NP SUB Glut,02 NP-CT-L6b Glut,Glut,157,3.294934,4.670943,0.6050955414012739
96,0482 NP SUB Glut_2,0128 NP SUB Glut_2,033 NP SUB Glut,02 NP-CT-L6b Glut,Glut,294,3.4754467,4.681742,0.6462585034013606
97,0023 L5/6 IT TPE-ENT Glut_1,0007 L5/6 IT TPE-ENT Glut_1,003 L5/6 IT TPE-ENT Glut,01 IT-ET Glut,Glut,21,3.01882,3.9878986,0.5714285714285714
99,0056 L5 IT CTX Glut_1,0018 L5 IT CTX Glut_1,005 L5 IT CTX Glut,01 IT-ET Glut,Glut,13,2.8104272,4.179423,0.5384615384615384
101,0033 L6 IT CTX Glut_1,0013 L6 IT CTX Glut_1,004 L6 IT CTX Glut,01 IT-ET Glut,Glut,2,6.5511026,6.5511026,1.0
102,0065 L5 IT CTX Glut_5,0022 L5 IT CTX Glut_5,005 L5 IT CTX Glut,01 IT-ET Glut,Glut,1,0.0,0.0,0.0
103,0034 L6 IT CTX Glut_1,0013 L6 IT CTX Glut_1,004 L6 IT CTX Glut,01 IT-ET Glut,Glut,1,0.0,0.0,0.0
105,0038 L6 IT CTX Glut_2,0014 L6 IT CTX Glut_2,004 L6 IT CTX Glut,01 IT-ET Glut,Glut,1,0.0,0.0,0.0
106,0044 L6 IT CTX Glut_3,0015 L6 IT CTX Glut_3,004 L6 IT CTX Glut,01 IT-ET Glut,Glut,1,4.304868,4.304868,1.0
107,0045 L6 IT CTX Glut_3,0015 L6 IT CTX Glut_3,004 L6 IT CTX Glut,01 IT-ET Glut,Glut,1,0.0,0.0,0.0
110,0054 L6 IT CTX Glut_5,0017 L6 IT CTX Glut_5,004 L6 IT CTX Glut,01 IT-ET Glut,Glut,2,4.733963,4.733963,1.0
111,0026 L5/6 IT TPE-ENT Glut_2,0008 L5/6 IT TPE-ENT Glut_2,003 L5/6 IT TPE-ENT Glut,01 IT-ET Glut,Glut,69,4.1115313,4.999613,0.782608695652174
112,0049 L6 IT CTX Glut_4,0016 L6 IT CTX Glut_4,004 L6 IT CTX Glut,01 IT-ET Glut,Glut,4,2.7168043,2.6089156,0.5
113,0036 L6 IT CTX Glut_1,0013 L6 IT CTX Glut_1,004 L6 IT CTX Glut,01 IT-ET Glut,Glut,1,5.511341,5.511341,1.0
114,0029 L5/6 IT TPE-ENT Glut_3,0009 L5/6 IT TPE-ENT Glut_3,003 L5/6 IT TPE-ENT Glut,01 IT-ET Glut,Glut,4,3.7615185,4.7949715,0.75
115,0024 L5/6 IT TPE-ENT Glut_1,0007 L5/6 IT TPE-ENT Glut_1,003 L5/6 IT TPE-ENT Glut,01 IT-ET Glut,Glut,39,4.1424985,4.8929996,0.7692307692307693
116,0006 IT EP-CLA Glut_1,0003 IT EP-CLA Glut_1,002 IT EP-CLA Glut,01 IT-ET Glut,Glut,6,5.5771127,5.7348537,1.0
117,0013 IT EP-CLA Glut_2,0004 IT EP-CLA Glut_2,002 IT EP-CLA Glut,01 IT-ET Glut,Glut,5,0.0,0.0,0.0
118,0014 IT EP-CLA Glut_2,0004 IT EP-CLA Glut_2,002 IT EP-CLA Glut,01 IT-ET Glut,Glut,82,3.4167633,4.5315375,0.6463414634146342
119,0015 IT EP-CLA Glut_2,0004 IT EP-CLA Glut_2,002 IT EP-CLA Glut,01 IT-ET Glut,Glut,21,2.340422,0.0,0.47619047619047616
120,0007 IT EP-CLA Glut_1,0003 IT EP-CLA Glut_1,002 IT EP-CLA Glut,01 IT-ET Glut,Glut,106,3.5790005,4.4623,0.6981132075471698
121,0008 IT EP-CLA Glut_1,0003 IT EP-CLA Glut_1,002 IT EP-CLA Glut,01 IT-ET Glut,Glut,3,3.492506,4.2756157,0.6666666666666666
125,0010 IT EP-CLA Glut_1,0003 IT EP-CLA Glut_1,002 IT EP-CLA Glut,01 IT-ET Glut,Glut,1,5.0464773,5.0464773,1.0
129,0002 CLA-EPd-CTX Car3 Glut_1,0001 CLA-EPd-CTX Car3 Glut_1,001 CLA-EPd-CTX Car3 Glut,01 IT-ET Glut,Glut,30,2.8601117,3.9005954,0.6
131,0005 CLA-EPd-CTX Car3 Glut_2,0002 CLA-EPd-CTX Car3 Glut_2,001 CLA-EPd-CTX Car3 Glut,01 IT-ET Glut,Glut,1,3.2514005,3.2514005,1.0
132,0046 L6 IT CTX Glut_3,0015 L6 IT CTX Glut_3,004 L6 IT CTX Glut,01 IT-ET Glut,Glut,1,4.1117187,4.1117187,1.0
135,0050 L6 IT CTX Glut_4,0016 L6 IT CTX Glut_4,004 L6 IT CTX Glut,01 IT-ET Glut,Glut,1,0.0,0.0,0.0
136,0051 L6 IT CTX Glut_4,0016 L6 IT CTX Glut_4,004 L6 IT CTX Glut,01 IT-ET Glut,Glut,1,6.9261847,6.9261847,1.0
137,0052 L6 IT CTX Glut_4,0016 L6 IT CTX Glut_4,004 L6 IT CTX Glut,01 IT-ET Glut,Glut,7,2.3288648,0.0,0.42857142857142855
138,0037 L6 IT CTX Glut_1,0013 L6 IT CTX Glut_1,004 L6 IT CTX Glut,01 IT-ET Glut,Glut,82,4.266148,5.1069574,0.7560975609756098
139,0040 L6 IT CTX Glut_2,0014 L6 IT CTX Glut_2,004 L6 IT CTX Glut,01 IT-ET Glut,Glut,1,0.0,0.0,0.0
140,0041 L6 IT CTX Glut_2,0014 L6 IT CTX Glut_2,004 L6 IT CTX Glut,01 IT-ET Glut,Glut,29,3.3661683,4.6119547,0.6206896551724138
144,0161 L2/3 IT PIR-ENTl Glut_5,0043 L2/3 IT PIR-ENTl Glut_5,009 L2/3 IT PIR-ENTl Glut,01 IT-ET Glut,Glut,36,3.5392885,4.731651,0.6944444444444444
145,0030 L5/6 IT TPE-ENT Glut_4,0010 L5/6 IT TPE-ENT Glut_4,003 L5/6 IT TPE-ENT Glut,01 IT-ET Glut,Glut,218,4.6958637,5.2955966,0.8807339449541285
146,0031 L5/6 IT TPE-ENT Glut_5,0011 L5/6 IT TPE-ENT Glut_5,003 L5/6 IT TPE-ENT Glut,01 IT-ET Glut,Glut,5,5.6803465,5.954523,1.0
147,0027 L5/6 IT TPE-ENT Glut_2,0008 L5/6 IT TPE-ENT Glut_2,003 L5/6 IT TPE-ENT Glut,01 IT-ET Glut,Glut,90,2.9336646,3.8413887,0.6444444444444445
148,0016 IT EP-CLA Glut_2,0004 IT EP-CLA Glut_2,002 IT EP-CLA Glut,01 IT-ET Glut,Glut,11,3.5622573,4.076495,0.7272727272727273
149,0017 IT EP-CLA Glut_2,0004 IT EP-CLA Glut_2,002 IT EP-CLA Glut,01 IT-ET Glut,Glut,22,4.3838367,5.1122875,0.8181818181818182
152,0083 L4/5 IT CTX Glut_3,0025 L4/5 IT CTX Glut_3,006 L4/5 IT CTX Glut,01 IT-ET Glut,Glut,2,2.099575,2.099575,0.5
155,0032 L5/6 IT TPE-ENT Glut_6,0012 L5/6 IT TPE-ENT Glut_6,003 L5/6 IT TPE-ENT Glut,01 IT-ET Glut,Glut,20,5.471436,5.8135185,0.95
156,0166 IT AON-TT-DP Glut_1,0046 IT AON-TT-DP Glut_1,010 IT AON-TT-DP Glut,01 IT-ET Glut,Glut,1,0.0,0.0,0.0
158,0028 L5/6 IT TPE-ENT Glut_2,0008 L5/6 IT TPE-ENT Glut_2,003 L5/6 IT TPE-ENT Glut,01 IT-ET Glut,Glut,11,1.935769,0.0,0.36363636363636365
165,0025 L5/6 IT TPE-ENT Glut_1,0007 L5/6 IT TPE-ENT Glut_1,003 L5/6 IT TPE-ENT Glut,01 IT-ET Glut,Glut,54,4.2586193,4.898879,0.8333333333333334
168,0068 L4/5 IT CTX Glut_1,0023 L4/5 IT CTX Glut_1,006 L4/5 IT CTX Glut,01 IT-ET Glut,Glut,4,3.8364177,4.8471155,0.75
169,0064 L5 IT CTX Glut_4,0021 L5 IT CTX Glut_4,005 L5 IT CTX Glut,01 IT-ET Glut,Glut,3,3.5482767,5.1814327,0.6666666666666666
170,0086 L4/5 IT CTX Glut_3,0025 L4/5 IT CTX Glut_3,006 L4/5 IT CTX Glut,01 IT-ET Glut,Glut,4,3.2449424,3.7935843,0.75
188,0100 L4/5 IT CTX Glut_6,0028 L4/5 IT CTX Glut_6,006 L4/5 IT CTX Glut,01 IT-ET Glut,Glut,31,3.4239657,4.9378076,0.6129032258064516
189,0101 L4/5 IT CTX Glut_6,0028 L4/5 IT CTX Glut_6,006 L4/5 IT CTX Glut,01 IT-ET Glut,Glut,1,4.735222,4.735222,1.0
190,0073 L4/5 IT CTX Glut_1,0023 L4/5 IT CTX Glut_1,006 L4/5 IT CTX Glut,01 IT-ET Glut,Glut,9,4.409777,5.3971615,0.7777777777777778
191,0058 L5 IT CTX Glut_2,0019 L5 IT CTX Glut_2,005 L5 IT CTX Glut,01 IT-ET Glut,Glut,7,3.4045072,4.0172324,0.5714285714285714
192,0061 L5 IT CTX Glut_3,0020 L5 IT CTX Glut_3,005 L5 IT CTX Glut,01 IT-ET Glut,Glut,1,0.0,0.0,0.0
193,0062 L5 IT CTX Glut_3,0020 L5 IT CTX Glut_3,005 L5 IT CTX Glut,01 IT-ET Glut,Glut,2,6.2027035,6.2027035,1.0
195,0098 L4/5 IT CTX Glut_5,0027 L4/5 IT CTX Glut_5,006 L4/5 IT CTX Glut,01 IT-ET Glut,Glut,1,0.0,0.0,0.0
196,0097 L4/5 IT CTX Glut_5,0027 L4/5 IT CTX Glut_5,006 L4/5 IT CTX Glut,01 IT-ET Glut,Glut,12,2.3551922,0.0,0.4166666666666667
197,0092 L4/5 IT CTX Glut_4,0026 L4/5 IT CTX Glut_4,006 L4/5 IT CTX Glut,01 IT-ET Glut,Glut,4,1.2319063,0.0,0.25
198,0074 L4/5 IT CTX Glut_1,0023 L4/5 IT CTX Glut_1,006 L4/5 IT CTX Glut,01 IT-ET Glut,Glut,8,4.110957,5.18056,0.75
200,0102 L4/5 IT CTX Glut_6,0028 L4/5 IT CTX Glut_6,006 L4/5 IT CTX Glut,01 IT-ET Glut,Glut,34,2.890166,2.217383,0.5
201,0099 L4/5 IT CTX Glut_6,0028 L4/5 IT CTX Glut_6,006 L4/5 IT CTX Glut,01 IT-ET Glut,Glut,38,3.8972027,4.774827,0.6842105263157895
202,0060 L5 IT CTX Glut_2,0019 L5 IT CTX Glut_2,005 L5 IT CTX Glut,01 IT-ET Glut,Glut,1,4.9693737,4.9693737,1.0
203,0059 L5 IT CTX Glut_2,0019 L5 IT CTX Glut_2,005 L5 IT CTX Glut,01 IT-ET Glut,Glut,6,4.2395587,5.459486,0.6666666666666666
206,0190 L2 IT ENT-po Glut_3,0053 L2 IT ENT-po Glut_3,011 L2 IT ENT-po Glut,01 IT-ET Glut,Glut,60,3.569421,4.1851726,0.7166666666666667
207,0121 L2/3 IT ENT Glut_1,0033 L2/3 IT ENT Glut_1,008 L2/3 IT ENT Glut,01 IT-ET Glut,Glut,48,4.8024726,5.2806783,0.9166666666666666
208,0122 L2/3 IT ENT Glut_1,0033 L2/3 IT ENT Glut_1,008 L2/3 IT ENT Glut,01 IT-ET Glut,Glut,180,3.3841844,4.2639785,0.7277777777777777
209,0124 L2/3 IT ENT Glut_2,0034 L2/3 IT ENT Glut_2,008 L2/3 IT ENT Glut,01 IT-ET Glut,Glut,46,2.009589,0.0,0.45652173913043476
210,0123 L2/3 IT ENT Glut_1,0033 L2/3 IT ENT Glut_1,008 L2/3 IT ENT Glut,01 IT-ET Glut,Glut,78,3.002831,3.9673462,0.6666666666666666
211,0125 L2/3 IT ENT Glut_2,0034 L2/3 IT ENT Glut_2,008 L2/3 IT ENT Glut,01 IT-ET Glut,Glut,49,2.582952,3.4969835,0.5714285714285714
212,0126 L2/3 IT ENT Glut_2,0034 L2/3 IT ENT Glut_2,008 L2/3 IT ENT Glut,01 IT-ET Glut,Glut,149,2.6586967,3.5729778,0.5838926174496645
213,0136 L2/3 IT ENT Glut_6,0038 L2/3 IT ENT Glut_6,008 L2/3 IT ENT Glut,01 IT-ET Glut,Glut,167,3.0135698,3.8728302,0.6107784431137725
214,0127 L2/3 IT ENT Glut_3,0035 L2/3 IT ENT Glut_3,008 L2/3 IT ENT Glut,01 IT-ET Glut,Glut,116,2.903021,4.0842485,0.6206896551724138
215,0128 L2/3 IT ENT Glut_3,0035 L2/3 IT ENT Glut_3,008 L2/3 IT ENT Glut,01 IT-ET Glut,Glut,410,3.3028808,4.080498,0.6926829268292682
216,0137 L2/3 IT ENT Glut_6,0038 L2/3 IT ENT Glut_6,008 L2/3 IT ENT Glut,01 IT-ET Glut,Glut,74,2.966276,3.9780445,0.6216216216216216
217,0162 L2/3 IT PIR-ENTl Glut_6,0044 L2/3 IT PIR-ENTl Glut_6,009 L2/3 IT PIR-ENTl Glut,01 IT-ET Glut,Glut,26,2.219636,1.595032,0.5
218,0138 L2/3 IT PIR-ENTl Glut_1,0039 L2/3 IT PIR-ENTl Glut_1,009 L2/3 IT PIR-ENTl Glut,01 IT-ET Glut,Glut,169,3.2401965,4.220555,0.650887573964497
219,0129 L2/3 IT ENT Glut_3,0035 L2/3 IT ENT Glut_3,008 L2/3 IT ENT Glut,01 IT-ET Glut,Glut,216,3.6743221,4.60614,0.7129629629629629
220,0139 L2/3 IT PIR-ENTl Glut_1,0039 L2/3 IT PIR-ENTl Glut_1,009 L2/3 IT PIR-ENTl Glut,01 IT-ET Glut,Glut,211,3.4522176,4.2666745,0.7061611374407583
221,0163 L2/3 IT PIR-ENTl Glut_6,0044 L2/3 IT PIR-ENTl Glut_6,009 L2/3 IT PIR-ENTl Glut,01 IT-ET Glut,Glut,40,3.6196613,4.410557,0.75
222,0149 L2/3 IT PIR-ENTl Glut_3,0041 L2/3 IT PIR-ENTl Glut_3,009 L2/3 IT PIR-ENTl Glut,01 IT-ET Glut,Glut,131,1.8019836,0.0,0.3969465648854962
224,0140 L2/3 IT PIR-ENTl Glut_1,0039 L2/3 IT PIR-ENTl Glut_1,009 L2/3 IT PIR-ENTl Glut,01 IT-ET Glut,Glut,3,3.619477,4.628215,0.6666666666666666
228,0114 L2/3 IT CTX Glut_3,0031 L2/3 IT CTX Glut_3,007 L2/3 IT CTX Glut,01 IT-ET Glut,Glut,26,3.3431966,4.5700197,0.6538461538461539
229,0115 L2/3 IT CTX Glut_3,0031 L2/3 IT CTX Glut_3,007 L2/3 IT CTX Glut,01 IT-ET Glut,Glut,1,5.9333935,5.9333935,1.0
230,0116 L2/3 IT CTX Glut_3,0031 L2/3 IT CTX Glut_3,007 L2/3 IT CTX Glut,01 IT-ET Glut,Glut,2,0.0,0.0,0.0
231,0117 L2/3 IT CTX Glut_4,0032 L2/3 IT CTX Glut_4,007 L2/3 IT CTX Glut,01 IT-ET Glut,Glut,32,2.3266506,0.0,0.46875
232,0109 L2/3 IT CTX Glut_2,0030 L2/3 IT CTX Glut_2,007 L2/3 IT CTX Glut,01 IT-ET Glut,Glut,21,2.412428,0.0,0.47619047619047616
233,0110 L2/3 IT CTX Glut_2,0030 L2/3 IT CTX Glut_2,007 L2/3 IT CTX Glut,01 IT-ET Glut,Glut,10,3.2857106,4.5701056,0.6
235,0118 L2/3 IT CTX Glut_4,0032 L2/3 IT CTX Glut_4,007 L2/3 IT CTX Glut,01 IT-ET Glut,Glut,8,3.617031,4.4304667,0.75
236,0112 L2/3 IT CTX Glut_2,0030 L2/3 IT CTX Glut_2,007 L2/3 IT CTX Glut,01 IT-ET Glut,Glut,4,1.285165,0.0,0.25
240,0105 L2/3 IT CTX Glut_1,0029 L2/3 IT CTX Glut_1,007 L2/3 IT CTX Glut,01 IT-ET Glut,Glut,6,2.6490142,1.7184768,0.5
241,0106 L2/3 IT CTX Glut_1,0029 L2/3 IT CTX Glut_1,007 L2/3 IT CTX Glut,01 IT-ET Glut,Glut,2,2.4369211,2.4369211,0.5
244,0119 L2/3 IT CTX Glut_4,0032 L2/3 IT CTX Glut_4,007 L2/3 IT CTX Glut,01 IT-ET Glut,Glut,8,2.0422974,1.7002347,0.5
245,0188 L2 IT ENT-po Glut_2,0052 L2 IT ENT-po Glut_2,011 L2 IT ENT-po Glut,01 IT-ET Glut,Glut,46,3.0631542,4.203566,0.6086956521739131
246,0186 L2 IT ENT-po Glut_1,0051 L2 IT ENT-po Glut_1,011 L2 IT ENT-po Glut,01 IT-ET Glut,Glut,97,3.9487932,4.5427217,0.7835051546391752
247,0191 L2 IT ENT-po Glut_4,0054 L2 IT ENT-po Glut_4,011 L2 IT ENT-po Glut,01 IT-ET Glut,Glut,339,5.34039,5.8533707,0.9085545722713865
248,0187 L2 IT ENT-po Glut_1,0051 L2 IT ENT-po Glut_1,011 L2 IT ENT-po Glut,01 IT-ET Glut,Glut,122,3.1799157,4.084016,0.6229508196721312
249,0189 L2 IT ENT-po Glut_2,0052 L2 IT ENT-po Glut_2,011 L2 IT ENT-po Glut,01 IT-ET Glut,Glut,183,5.0560327,5.6185026,0.8852459016393442
250,0133 L2/3 IT ENT Glut_5,0037 L2/3 IT ENT Glut_5,008 L2/3 IT ENT Glut,01 IT-ET Glut,Glut,187,3.3150706,4.2659264,0.6898395721925134
251,0130 L2/3 IT ENT Glut_4,0036 L2/3 IT ENT Glut_4,008 L2/3 IT ENT Glut,01 IT-ET Glut,Glut,111,3.086609,4.272428,0.6036036036036037
252,0131 L2/3 IT ENT Glut_4,0036 L2/3 IT ENT Glut_4,008 L2/3 IT ENT Glut,01 IT-ET Glut,Glut,98,3.6308713,4.5194545,0.6938775510204082
253,0134 L2/3 IT ENT Glut_5,0037 L2/3 IT ENT Glut_5,008 L2/3 IT ENT Glut,01 IT-ET Glut,Glut,379,2.9150393,3.8791764,0.6411609498680739
254,0135 L2/3 IT ENT Glut_5,0037 L2/3 IT ENT Glut_5,008 L2/3 IT ENT Glut,01 IT-ET Glut,Glut,326,2.6191745,3.6740086,0.5766871165644172
255,0132 L2/3 IT ENT Glut_4,0036 L2/3 IT ENT Glut_4,008 L2/3 IT ENT Glut,01 IT-ET Glut,Glut,93,3.1993463,4.0645742,0.6559139784946236
256,0215 COAp Grxcr2 Glut_1,0058 COAp Grxcr2 Glut_1,013 COAp Grxcr2 Glut,01 IT-ET Glut,Glut,1,0.0,0.0,0.0
257,0217 COAp Grxcr2 Glut_2,0059 COAp Grxcr2 Glut_2,013 COAp Grxcr2 Glut,01 IT-ET Glut,Glut,6,3.2758358,4.327882,0.6666666666666666
260,0155 L2/3 IT PIR-ENTl Glut_4,0042 L2/3 IT PIR-ENTl Glut_4,009 L2/3 IT PIR-ENTl Glut,01 IT-ET Glut,Glut,454,3.0934377,4.1879625,0.6145374449339207
261,0156 L2/3 IT PIR-ENTl Glut_4,0042 L2/3 IT PIR-ENTl Glut_4,009 L2/3 IT PIR-ENTl Glut,01 IT-ET Glut,Glut,11,2.7359362,4.347716,0.5454545454545454
262,0157 L2/3 IT PIR-ENTl Glut_4,0042 L2/3 IT PIR-ENTl Glut_4,009 L2/3 IT PIR-ENTl Glut,01 IT-ET Glut,Glut,41,2.2196856,0.0,0.4634146341463415
263,0158 L2/3 IT PIR-ENTl Glut_4,0042 L2/3 IT PIR-ENTl Glut_4,009 L2/3 IT PIR-ENTl Glut,01 IT-ET Glut,Glut,467,3.0901365,4.098613,0.6359743040685225
264,0159 L2/3 IT PIR-ENTl Glut_4,0042 L2/3 IT PIR-ENTl Glut_4,009 L2/3 IT PIR-ENTl Glut,01 IT-ET Glut,Glut,100,3.872906,4.963997,0.71
265,0150 L2/3 IT PIR-ENTl Glut_3,0041 L2/3 IT PIR-ENTl Glut_3,009 L2/3 IT PIR-ENTl Glut,01 IT-ET Glut,Glut,7,1.6443536,0.0,0.2857142857142857
267,0152 L2/3 IT PIR-ENTl Glut_3,0041 L2/3 IT PIR-ENTl Glut_3,009 L2/3 IT PIR-ENTl Glut,01 IT-ET Glut,Glut,4,0.0,0.0,0.0
268,0160 L2/3 IT PIR-ENTl Glut_4,0042 L2/3 IT PIR-ENTl Glut_4,009 L2/3 IT PIR-ENTl Glut,01 IT-ET Glut,Glut,17,3.487356,4.107475,0.7058823529411765
269,0168 IT AON-TT-DP Glut_1,0046 IT AON-TT-DP Glut_1,010 IT AON-TT-DP Glut,01 IT-ET Glut,Glut,3,5.2536073,5.2956853,1.0
272,0145 L2/3 IT PIR-ENTl Glut_2,0040 L2/3 IT PIR-ENTl Glut_2,009 L2/3 IT PIR-ENTl Glut,01 IT-ET Glut,Glut,17,3.7298324,4.656201,0.7058823529411765
274,0147 L2/3 IT PIR-ENTl Glut_2,0040 L2/3 IT PIR-ENTl Glut_2,009 L2/3 IT PIR-ENTl Glut,01 IT-ET Glut,Glut,10,4.1779413,5.5353317,0.7
278,0400 CA2-FC-IG Glut_2,0101 CA2-FC-IG Glut_2,025 CA2-FC-IG Glut,01 IT-ET Glut,Glut,9,3.312224,4.5390306,0.6666666666666666
289,0169 IT AON-TT-DP Glut_1,0046 IT AON-TT-DP Glut_1,010 IT AON-TT-DP Glut,01 IT-ET Glut,Glut,3,1.2843051,0.0,0.3333333333333333
297,0401 CA2-FC-IG Glut_2,0101 CA2-FC-IG Glut_2,025 CA2-FC-IG Glut,01 IT-ET Glut,Glut,52,1.8106773,0.0,0.34615384615384615
299,0342 L2/3 IT RSP Glut_1,0087 L2/3 IT RSP Glut_1,020 L2/3 IT RSP Glut,01 IT-ET Glut,Glut,10,2.7080796,2.0252094,0.5
300,0337 L2/3 IT PPP Glut_3,0086 L2/3 IT PPP Glut_3,019 L2/3 IT PPP Glut,01 IT-ET Glut,Glut,158,3.948612,4.9402637,0.7215189873417721
301,0329 L2/3 IT PPP Glut_1,0084 L2/3 IT PPP Glut_1,019 L2/3 IT PPP Glut,01 IT-ET Glut,Glut,93,3.349359,4.2859607,0.6989247311827957
302,0330 L2/3 IT PPP Glut_1,0084 L2/3 IT PPP Glut_1,019 L2/3 IT PPP Glut,01 IT-ET Glut,Glut,328,3.0286262,4.1677084,0.6189024390243902
303,0338 L2/3 IT PPP Glut_3,0086 L2/3 IT PPP Glut_3,019 L2/3 IT PPP Glut,01 IT-ET Glut,Glut,419,4.5892615,5.2899656,0.8353221957040573
304,0339 L2/3 IT PPP Glut_3,0086 L2/3 IT PPP Glut_3,019 L2/3 IT PPP Glut,01 IT-ET Glut,Glut,623,4.259129,5.112084,0.7704654895666132
305,0340 L2/3 IT PPP Glut_3,0086 L2/3 IT PPP Glut_3,019 L2/3 IT PPP Glut,01 IT-ET Glut,Glut,156,4.2045803,5.2078905,0.7628205128205128
306,0331 L2/3 IT PPP Glut_1,0084 L2/3 IT PPP Glut_1,019 L2/3 IT PPP Glut,01 IT-ET Glut,Glut,185,3.5670693,4.6120195,0.7027027027027027
307,0332 L2/3 IT PPP Glut_1,0084 L2/3 IT PPP Glut_1,019 L2/3 IT PPP Glut,01 IT-ET Glut,Glut,8,2.601656,2.4171083,0.5
308,0256 ENTmv-PA-COAp Glut_2,0067 ENTmv-PA-COAp Glut_2,015 ENTmv-PA-COAp Glut,01 IT-ET Glut,Glut,29,5.171464,5.634615,0.9310344827586207
309,0341 L2/3 IT PPP Glut_3,0086 L2/3 IT PPP Glut_3,019 L2/3 IT PPP Glut,01 IT-ET Glut,Glut,127,3.4142356,4.6791778,0.6141732283464567
310,0333 L2/3 IT PPP Glut_2,0085 L2/3 IT PPP Glut_2,019 L2/3 IT PPP Glut,01 IT-ET Glut,Glut,973,3.3944101,4.920212,0.590955806783145
311,0334 L2/3 IT PPP Glut_2,0085 L2/3 IT PPP Glut_2,019 L2/3 IT PPP Glut,01 IT-ET Glut,Glut,1121,3.7170448,4.962571,0.6503122212310437
312,0335 L2/3 IT PPP Glut_2,0085 L2/3 IT PPP Glut_2,019 L2/3 IT PPP Glut,01 IT-ET Glut,Glut,3864,3.9649222,5.098181,0.6884057971014492
313,0336 L2/3 IT PPP Glut_2,0085 L2/3 IT PPP Glut_2,019 L2/3 IT PPP Glut,01 IT-ET Glut,Glut,685,3.258217,4.8240237,0.5620437956204379
314,0343 L2/3 IT RSP Glut_2,0088 L2/3 IT RSP Glut_2,020 L2/3 IT RSP Glut,01 IT-ET Glut,Glut,99,3.7089899,5.601903,0.5757575757575758
315,0344 L2/3 IT RSP Glut_2,0088 L2/3 IT RSP Glut_2,020 L2/3 IT RSP Glut,01 IT-ET Glut,Glut,22,3.5245016,5.404422,0.5454545454545454
317,0346 L2/3 IT RSP Glut_2,0088 L2/3 IT RSP Glut_2,020 L2/3 IT RSP Glut,01 IT-ET Glut,Glut,115,3.6032372,5.3691425,0.591304347826087
318,0293 CA1-ProS Glut_6,0074 CA1-ProS Glut_6,016 CA1-ProS Glut,01 IT-ET Glut,Glut,274,4.5654263,5.2678576,0.8321167883211679
319,0294 CA1-ProS Glut_6,0074 CA1-ProS Glut_6,016 CA1-ProS Glut,01 IT-ET Glut,Glut,190,5.0780487,5.68536,0.8736842105263158
320,0260 ENTmv-PA-COAp Glut_3,0068 ENTmv-PA-COAp Glut_3,015 ENTmv-PA-COAp Glut,01 IT-ET Glut,Glut,60,3.2178724,4.2279058,0.6
321,0259 ENTmv-PA-COAp Glut_3,0068 ENTmv-PA-COAp Glut_3,015 ENTmv-PA-COAp Glut,01 IT-ET Glut,Glut,93,4.182656,5.299458,0.7419354838709677
322,0257 ENTmv-PA-COAp Glut_2,0067 ENTmv-PA-COAp Glut_2,015 ENTmv-PA-COAp Glut,01 IT-ET Glut,Glut,35,4.679392,5.1756773,0.8857142857142857
323,0258 ENTmv-PA-COAp Glut_2,0067 ENTmv-PA-COAp Glut_2,015 ENTmv-PA-COAp Glut,01 IT-ET Glut,Glut,56,4.2457867,5.122177,0.7678571428571429
324,0252 ENTmv-PA-COAp Glut_1,0066 ENTmv-PA-COAp Glut_1,015 ENTmv-PA-COAp Glut,01 IT-ET Glut,Glut,13,2.022601,0.0,0.38461538461538464
325,0255 ENTmv-PA-COAp Glut_1,0066 ENTmv-PA-COAp Glut_1,015 ENTmv-PA-COAp Glut,01 IT-ET Glut,Glut,8,5.816179,5.697478,1.0
326,0398 L5 PPP Glut_1,0099 L5 PPP Glut_1,024 L5 PPP Glut,01 IT-ET Glut,Glut,214,3.6068938,4.6682005,0.6728971962616822
327,0261 CA1-ProS Glut_1,0069 CA1-ProS Glut_1,016 CA1-ProS Glut,01 IT-ET Glut,Glut,140,2.5696518,3.7685947,0.5214285714285715
328,0262 CA1-ProS Glut_1,0069 CA1-ProS Glut_1,016 CA1-ProS Glut,01 IT-ET Glut,Glut,5874,3.0899432,4.400228,0.5861423220973783
329,0263 CA1-ProS Glut_1,0069 CA1-ProS Glut_1,016 CA1-ProS Glut,01 IT-ET Glut,Glut,1690,3.3372853,4.5035567,0.6325443786982249
330,0264 CA1-ProS Glut_1,0069 CA1-ProS Glut_1,016 CA1-ProS Glut,01 IT-ET Glut,Glut,70,2.5264401,1.7761693,0.5
331,0265 CA1-ProS Glut_1,0069 CA1-ProS Glut_1,016 CA1-ProS Glut,01 IT-ET Glut,Glut,57,4.2222795,4.7965817,0.8245614035087719
332,0278 CA1-ProS Glut_3,0071 CA1-ProS Glut_3,016 CA1-ProS Glut,01 IT-ET Glut,Glut,30,4.132289,4.802844,0.8
333,0388 SUB-ProS Glut_2,0097 SUB-ProS Glut_2,023 SUB-ProS Glut,01 IT-ET Glut,Glut,118,3.8219125,4.6269197,0.7711864406779662
334,0394 SUB-ProS Glut_3,0098 SUB-ProS Glut_3,023 SUB-ProS Glut,01 IT-ET Glut,Glut,145,3.4142308,4.500316,0.6758620689655173
335,0389 SUB-ProS Glut_2,0097 SUB-ProS Glut_2,023 SUB-ProS Glut,01 IT-ET Glut,Glut,114,3.8135483,4.7306843,0.7456140350877193
336,0390 SUB-ProS Glut_2,0097 SUB-ProS Glut_2,023 SUB-ProS Glut,01 IT-ET Glut,Glut,210,3.281274,4.1443977,0.6666666666666666
337,0383 SUB-ProS Glut_1,0096 SUB-ProS Glut_1,023 SUB-ProS Glut,01 IT-ET Glut,Glut,153,4.4769707,5.3452215,0.7908496732026143
338,0384 SUB-ProS Glut_1,0096 SUB-ProS Glut_1,023 SUB-ProS Glut,01 IT-ET Glut,Glut,347,4.6737933,5.376258,0.8357348703170029
339,0395 SUB-ProS Glut_3,0098 SUB-ProS Glut_3,023 SUB-ProS Glut,01 IT-ET Glut,Glut,78,4.480352,4.987256,0.8717948717948718
340,0385 SUB-ProS Glut_1,0096 SUB-ProS Glut_1,023 SUB-ProS Glut,01 IT-ET Glut,Glut,155,4.887977,5.544975,0.8580645161290322
341,0386 SUB-ProS Glut_1,0096 SUB-ProS Glut_1,023 SUB-ProS Glut,01 IT-ET Glut,Glut,332,5.284297,5.710714,0.9367469879518072
342,0266 CA1-ProS Glut_1,0069 CA1-ProS Glut_1,016 CA1-ProS Glut,01 IT-ET Glut,Glut,79,2.725184,3.7681324,0.5443037974683544
343,0289 CA1-ProS Glut_5,0073 CA1-ProS Glut_5,016 CA1-ProS Glut,01 IT-ET Glut,Glut,221,4.6983685,5.410817,0.8280542986425339
344,0267 CA1-ProS Glut_1,0069 CA1-ProS Glut_1,016 CA1-ProS Glut,01 IT-ET Glut,Glut,96,3.0585172,4.081362,0.6354166666666666
345,0279 CA1-ProS Glut_3,0071 CA1-ProS Glut_3,016 CA1-ProS Glut,01 IT-ET Glut,Glut,147,4.2368937,5.008456,0.7959183673469388
346,0271 CA1-ProS Glut_2,0070 CA1-ProS Glut_2,016 CA1-ProS Glut,01 IT-ET Glut,Glut,154,3.2071247,4.2690353,0.6363636363636364
347,0254 ENTmv-PA-COAp Glut_1,0066 ENTmv-PA-COAp Glut_1,015 ENTmv-PA-COAp Glut,01 IT-ET Glut,Glut,133,4.8890514,5.258966,0.8872180451127819
348,0272 CA1-ProS Glut_2,0070 CA1-ProS Glut_2,016 CA1-ProS Glut,01 IT-ET Glut,Glut,657,3.8421628,4.7007346,0.7503805175038052
349,0280 CA1-ProS Glut_3,0071 CA1-ProS Glut_3,016 CA1-ProS Glut,01 IT-ET Glut,Glut,72,4.2443714,4.9210606,0.8333333333333334
350,0284 CA1-ProS Glut_4,0072 CA1-ProS Glut_4,016 CA1-ProS Glut,01 IT-ET Glut,Glut,209,3.6908336,4.659459,0.7129186602870813
351,0285 CA1-ProS Glut_4,0072 CA1-ProS Glut_4,016 CA1-ProS Glut,01 IT-ET Glut,Glut,36,3.4480996,4.5359545,0.6111111111111112
352,0273 CA1-ProS Glut_2,0070 CA1-ProS Glut_2,016 CA1-ProS Glut,01 IT-ET Glut,Glut,598,3.1725726,4.41751,0.5986622073578596
353,0274 CA1-ProS Glut_2,0070 CA1-ProS Glut_2,016 CA1-ProS Glut,01 IT-ET Glut,Glut,286,2.902231,4.1477995,0.583916083916084
354,0286 CA1-ProS Glut_4,0072 CA1-ProS Glut_4,016 CA1-ProS Glut,01 IT-ET Glut,Glut,1278,3.5245829,4.5120955,0.6784037558685446
355,0290 CA1-ProS Glut_5,0073 CA1-ProS Glut_5,016 CA1-ProS Glut,01 IT-ET Glut,Glut,56,4.179244,4.6425066,0.8035714285714286
356,0268 CA1-ProS Glut_1,0069 CA1-ProS Glut_1,016 CA1-ProS Glut,01 IT-ET Glut,Glut,36,2.657675,3.9928203,0.5277777777777778
357,0291 CA1-ProS Glut_5,0073 CA1-ProS Glut_5,016 CA1-ProS Glut,01 IT-ET Glut,Glut,330,5.001375,5.6134076,0.8666666666666667
358,0269 CA1-ProS Glut_1,0069 CA1-ProS Glut_1,016 CA1-ProS Glut,01 IT-ET Glut,Glut,638,3.188356,4.5355954,0.5956112852664577
359,0270 CA1-ProS Glut_1,0069 CA1-ProS Glut_1,016 CA1-ProS Glut,01 IT-ET Glut,Glut,213,2.7325783,3.9644828,0.5446009389671361
360,0287 CA1-ProS Glut_4,0072 CA1-ProS Glut_4,016 CA1-ProS Glut,01 IT-ET Glut,Glut,391,3.433975,4.220266,0.7007672634271099
361,0275 CA1-ProS Glut_2,0070 CA1-ProS Glut_2,016 CA1-ProS Glut,01 IT-ET Glut,Glut,105,3.3965695,4.5104675,0.6666666666666666
362,0288 CA1-ProS Glut_4,0072 CA1-ProS Glut_4,016 CA1-ProS Glut,01 IT-ET Glut,Glut,30,2.4553983,3.7098658,0.5333333333333333
363,0292 CA1-ProS Glut_5,0073 CA1-ProS Glut_5,016 CA1-ProS Glut,01 IT-ET Glut,Glut,70,4.6380963,5.372673,0.8285714285714286
364,0281 CA1-ProS Glut_3,0071 CA1-ProS Glut_3,016 CA1-ProS Glut,01 IT-ET Glut,Glut,143,4.9233847,5.3877773,0.8881118881118881
365,0391 SUB-ProS Glut_2,0097 SUB-ProS Glut_2,023 SUB-ProS Glut,01 IT-ET Glut,Glut,187,4.3973565,5.293803,0.7967914438502673
366,0253 ENTmv-PA-COAp Glut_1,0066 ENTmv-PA-COAp Glut_1,015 ENTmv-PA-COAp Glut,01 IT-ET Glut,Glut,234,4.3492327,5.2820673,0.7649572649572649
367,0276 CA1-ProS Glut_2,0070 CA1-ProS Glut_2,016 CA1-ProS Glut,01 IT-ET Glut,Glut,128,3.1569474,4.213665,0.6484375
368,0282 CA1-ProS Glut_3,0071 CA1-ProS Glut_3,016 CA1-ProS Glut,01 IT-ET Glut,Glut,43,4.63386,5.0494623,0.8837209302325582
369,0283 CA1-ProS Glut_3,0071 CA1-ProS Glut_3,016 CA1-ProS Glut,01 IT-ET Glut,Glut,33,3.333614,4.41217,0.6363636363636364
370,0277 CA1-ProS Glut_2,0070 CA1-ProS Glut_2,016 CA1-ProS Glut,01 IT-ET Glut,Glut,91,3.56179,4.4890294,0.6923076923076923
371,0396 SUB-ProS Glut_3,0098 SUB-ProS Glut_3,023 SUB-ProS Glut,01 IT-ET Glut,Glut,62,4.294466,5.153861,0.8064516129032258
372,0387 SUB-ProS Glut_1,0096 SUB-ProS Glut_1,023 SUB-ProS Glut,01 IT-ET Glut,Glut,225,4.10621,4.925389,0.7688888888888888
373,0392 SUB-ProS Glut_2,0097 SUB-ProS Glut_2,023 SUB-ProS Glut,01 IT-ET Glut,Glut,80,3.2823982,4.1828985,0.65
374,0393 SUB-ProS Glut_2,0097 SUB-ProS Glut_2,023 SUB-ProS Glut,01 IT-ET Glut,Glut,32,3.872769,4.788115,0.78125
375,0397 SUB-ProS Glut_3,0098 SUB-ProS Glut_3,023 SUB-ProS Glut,01 IT-ET Glut,Glut,33,3.2470818,4.1448193,0.6666666666666666
376,0295 CA1-ProS Glut_6,0074 CA1-ProS Glut_6,016 CA1-ProS Glut,01 IT-ET Glut,Glut,33,2.6199663,3.8997207,0.5454545454545454
381,0350 L5 ET CTX Glut_1,0090 L5 ET CTX Glut_1,022 L5 ET CTX Glut,01 IT-ET Glut,Glut,1,0.0,0.0,0.0
383,0359 L5 ET CTX Glut_2,0091 L5 ET CTX Glut_2,022 L5 ET CTX Glut,01 IT-ET Glut,Glut,1,4.453777,4.453777,1.0
389,0361 L5 ET CTX Glut_2,0091 L5 ET CTX Glut_2,022 L5 ET CTX Glut,01 IT-ET Glut,Glut,3,5.6415267,5.962485,1.0
392,0379 L5 ET CTX Glut_6,0095 L5 ET CTX Glut_6,022 L5 ET CTX Glut,01 IT-ET Glut,Glut,17,3.459722,4.310535,0.6470588235294118
394,0371 L5 ET CTX Glut_4,0093 L5 ET CTX Glut_4,022 L5 ET CTX Glut,01 IT-ET Glut,Glut,3,3.2255208,4.8062673,0.6666666666666666
407,0380 L5 ET CTX Glut_6,0095 L5 ET CTX Glut_6,022 L5 ET CTX Glut,01 IT-ET Glut,Glut,39,4.46757,5.1366057,0.8205128205128205
410,0381 L5 ET CTX Glut_6,0095 L5 ET CTX Glut_6,022 L5 ET CTX Glut,01 IT-ET Glut,Glut,3,5.0959983,5.3772855,1.0
412,0347 L4 RSP-ACA Glut_1,0089 L4 RSP-ACA Glut_1,021 L4 RSP-ACA Glut,01 IT-ET Glut,Glut,1,0.0,0.0,0.0
414,0302 CA3 Glut_2,0076 CA3 Glut_2,017 CA3 Glut,01 IT-ET Glut,Glut,20,3.91507,5.4904766,0.65
415,0303 CA3 Glut_2,0076 CA3 Glut_2,017 CA3 Glut,01 IT-ET Glut,Glut,48,3.034104,4.133939,0.5833333333333334
416,0311 CA3 Glut_3,0077 CA3 Glut_3,017 CA3 Glut,01 IT-ET Glut,Glut,41,2.4644,3.8388174,0.5365853658536586
417,0316 CA3 Glut_5,0079 CA3 Glut_5,017 CA3 Glut,01 IT-ET Glut,Glut,39,3.3783906,4.517007,0.6153846153846154
418,0317 CA3 Glut_5,0079 CA3 Glut_5,017 CA3 Glut,01 IT-ET Glut,Glut,72,3.6613677,4.396323,0.7361111111111112
419,0313 CA3 Glut_4,0078 CA3 Glut_4,017 CA3 Glut,01 IT-ET Glut,Glut,75,2.694939,3.9422667,0.6
420,0314 CA3 Glut_4,0078 CA3 Glut_4,017 CA3 Glut,01 IT-ET Glut,Glut,638,3.792707,4.6704683,0.7460815047021944
421,0315 CA3 Glut_4,0078 CA3 Glut_4,017 CA3 Glut,01 IT-ET Glut,Glut,753,3.6007237,4.4572945,0.7078353253652059
422,0296 CA3 Glut_1,0075 CA3 Glut_1,017 CA3 Glut,01 IT-ET Glut,Glut,132,2.9533243,4.3054957,0.5454545454545454
423,0312 CA3 Glut_3,0077 CA3 Glut_3,017 CA3 Glut,01 IT-ET Glut,Glut,29,3.6016548,4.628215,0.6551724137931034
424,0307 CA3 Glut_3,0077 CA3 Glut_3,017 CA3 Glut,01 IT-ET Glut,Glut,206,4.128136,4.8490562,0.7912621359223301
425,0308 CA3 Glut_3,0077 CA3 Glut_3,017 CA3 Glut,01 IT-ET Glut,Glut,123,3.8259833,4.7297516,0.7235772357723578
426,0304 CA3 Glut_2,0076 CA3 Glut_2,017 CA3 Glut,01 IT-ET Glut,Glut,123,3.5024552,4.546207,0.6666666666666666
427,0305 CA3 Glut_2,0076 CA3 Glut_2,017 CA3 Glut,01 IT-ET Glut,Glut,85,3.4959452,4.59157,0.6823529411764706
428,0297 CA3 Glut_1,0075 CA3 Glut_1,017 CA3 Glut,01 IT-ET Glut,Glut,163,2.8975105,4.1652207,0.5766871165644172
429,0298 CA3 Glut_1,0075 CA3 Glut_1,017 CA3 Glut,01 IT-ET Glut,Glut,91,2.8344173,4.006563,0.5824175824175825
430,0299 CA3 Glut_1,0075 CA3 Glut_1,017 CA3 Glut,01 IT-ET Glut,Glut,73,1.66655,0.0,0.3424657534246575
431,0300 CA3 Glut_1,0075 CA3 Glut_1,017 CA3 Glut,01 IT-ET Glut,Glut,38,3.6575177,4.93398,0.6842105263157895
432,0309 CA3 Glut_3,0077 CA3 Glut_3,017 CA3 Glut,01 IT-ET Glut,Glut,224,3.5715957,4.418913,0.7142857142857143
433,0399 CA2-FC-IG Glut_1,0100 CA2-FC-IG Glut_1,025 CA2-FC-IG Glut,01 IT-ET Glut,Glut,139,2.1281426,0.0,0.45323741007194246
434,0310 CA3 Glut_3,0077 CA3 Glut_3,017 CA3 Glut,01 IT-ET Glut,Glut,34,2.064764,0.0,0.4411764705882353
435,0301 CA3 Glut_1,0075 CA3 Glut_1,017 CA3 Glut,01 IT-ET Glut,Glut,84,2.068342,0.0,0.4166666666666667
436,0306 CA3 Glut_2,0076 CA3 Glut_2,017 CA3 Glut,01 IT-ET Glut,Glut,26,4.467989,5.385211,0.8076923076923077
437,0230 LA-BLA-BMA-PA Glut_2,0061 LA-BLA-BMA-PA Glut_2,014 LA-BLA-BMA-PA Glut,01 IT-ET Glut,Glut,2,2.4389367,2.4389367,0.5
439,0222 LA-BLA-BMA-PA Glut_1,0060 LA-BLA-BMA-PA Glut_1,014 LA-BLA-BMA-PA Glut,01 IT-ET Glut,Glut,3,3.733791,5.0775657,0.6666666666666666
440,0223 LA-BLA-BMA-PA Glut_1,0060 LA-BLA-BMA-PA Glut_1,014 LA-BLA-BMA-PA Glut,01 IT-ET Glut,Glut,1,4.2878113,4.2878113,1.0
441,0224 LA-BLA-BMA-PA Glut_1,0060 LA-BLA-BMA-PA Glut_1,014 LA-BLA-BMA-PA Glut,01 IT-ET Glut,Glut,15,2.104029,0.0,0.4
442,0229 LA-BLA-BMA-PA Glut_1,0060 LA-BLA-BMA-PA Glut_1,014 LA-BLA-BMA-PA Glut,01 IT-ET Glut,Glut,2,2.9126709,2.9126709,0.5
443,0231 LA-BLA-BMA-PA Glut_2,0061 LA-BLA-BMA-PA Glut_2,014 LA-BLA-BMA-PA Glut,01 IT-ET Glut,Glut,2,5.5605783,5.5605783,1.0
451,0220 COAp Grxcr2 Glut_2,0059 COAp Grxcr2 Glut_2,013 COAp Grxcr2 Glut,01 IT-ET Glut,Glut,2,6.618277,6.618277,1.0
464,0199 MEA Slc17a7 Glut_1,0055 MEA Slc17a7 Glut_1,012 MEA Slc17a7 Glut,01 IT-ET Glut,Glut,1,6.2510633,6.2510633,1.0
484,0204 MEA Slc17a7 Glut_2,0056 MEA Slc17a7 Glut_2,012 MEA Slc17a7 Glut,01 IT-ET Glut,Glut,1,0.0,0.0,0.0
489,0798 Sst Gaba_9,0222 Sst Gaba_9,053 Sst Gaba,07 CTX-MGE GABA,GABA,2,3.4632046,3.4632046,0.5
490,0756 Sst Gaba_1,0214 Sst Gaba_1,053 Sst Gaba,07 CTX-MGE GABA,GABA,3,3.4464352,4.846535,0.6666666666666666
491,0776 Sst Gaba_4,0217 Sst Gaba_4,053 Sst Gaba,07 CTX-MGE GABA,GABA,10,3.6983135,5.126646,0.7
492,0818 Sst Gaba_16,0229 Sst Gaba_16,053 Sst Gaba,07 CTX-MGE GABA,GABA,6,6.0299697,6.1504536,1.0
493,0819 Sst Gaba_16,0229 Sst Gaba_16,053 Sst Gaba,07 CTX-MGE GABA,GABA,6,3.8866541,5.260263,0.6666666666666666
494,0805 Sst Gaba_11,0224 Sst Gaba_11,053 Sst Gaba,07 CTX-MGE GABA,GABA,5,2.483902,0.0,0.4
495,0810 Sst Gaba_13,0226 Sst Gaba_13,053 Sst Gaba,07 CTX-MGE GABA,GABA,8,2.007081,0.0,0.375
496,0777 Sst Gaba_4,0217 Sst Gaba_4,053 Sst Gaba,07 CTX-MGE GABA,GABA,4,2.5045233,2.4437435,0.5
498,0779 Sst Gaba_4,0217 Sst Gaba_4,053 Sst Gaba,07 CTX-MGE GABA,GABA,3,6.233644,6.344703,1.0
499,0780 Sst Gaba_4,0217 Sst Gaba_4,053 Sst Gaba,07 CTX-MGE GABA,GABA,31,4.0399327,4.966919,0.7419354838709677
501,0781 Sst Gaba_5,0218 Sst Gaba_5,053 Sst Gaba,07 CTX-MGE GABA,GABA,4,4.120166,5.4024434,0.75
503,0811 Sst Gaba_13,0226 Sst Gaba_13,053 Sst Gaba,07 CTX-MGE GABA,GABA,91,3.0638518,4.5495152,0.5604395604395604
504,0783 Sst Gaba_5,0218 Sst Gaba_5,053 Sst Gaba,07 CTX-MGE GABA,GABA,1,0.0,0.0,0.0
506,0792 Sst Gaba_7,0220 Sst Gaba_7,053 Sst Gaba,07 CTX-MGE GABA,GABA,5,5.55157,6.117655,1.0
511,0806 Sst Gaba_11,0224 Sst Gaba_11,053 Sst Gaba,07 CTX-MGE GABA,GABA,14,3.7355015,4.563507,0.7142857142857143
513,0820 Sst Gaba_16,0229 Sst Gaba_16,053 Sst Gaba,07 CTX-MGE GABA,GABA,2,2.2035234,2.2035234,0.5
514,0762 Sst Gaba_2,0215 Sst Gaba_2,053 Sst Gaba,07 CTX-MGE GABA,GABA,73,3.6362205,5.030897,0.6438356164383562
515,0766 Sst Gaba_2,0215 Sst Gaba_2,053 Sst Gaba,07 CTX-MGE GABA,GABA,24,4.384944,5.218732,0.7916666666666666
516,0825 Sst Gaba_18,0231 Sst Gaba_18,053 Sst Gaba,07 CTX-MGE GABA,GABA,46,5.710249,6.1573277,0.9565217391304348
517,0826 Sst Gaba_18,0231 Sst Gaba_18,053 Sst Gaba,07 CTX-MGE GABA,GABA,8,4.9148545,5.41823,0.875
518,0763 Sst Gaba_2,0215 Sst Gaba_2,053 Sst Gaba,07 CTX-MGE GABA,GABA,8,3.277118,4.572423,0.625
519,0827 Sst Gaba_19,0232 Sst Gaba_19,053 Sst Gaba,07 CTX-MGE GABA,GABA,73,3.9170465,4.9090667,0.726027397260274
520,0858 Sst Chodl Gaba_4,0241 Sst Chodl Gaba_4,056 Sst Chodl Gaba,08 CNU-MGE GABA,GABA,12,4.3480225,5.1706553,0.8333333333333334
521,0803 Sst Gaba_10,0223 Sst Gaba_10,053 Sst Gaba,07 CTX-MGE GABA,GABA,10,4.0164824,5.187521,0.7
523,0797 Sst Gaba_8,0221 Sst Gaba_8,053 Sst Gaba,07 CTX-MGE GABA,GABA,33,3.8971817,5.0375175,0.696969696969697
524,0802 Sst Gaba_10,0223 Sst Gaba_10,053 Sst Gaba,07 CTX-MGE GABA,GABA,21,3.9530349,5.1120133,0.7142857142857143
525,0815 Sst Gaba_15,0228 Sst Gaba_15,053 Sst Gaba,07 CTX-MGE GABA,GABA,160,3.7115605,4.873144,0.65625
526,0816 Sst Gaba_15,0228 Sst Gaba_15,053 Sst Gaba,07 CTX-MGE GABA,GABA,137,4.121225,5.2087855,0.7226277372262774
527,0821 Sst Gaba_16,0229 Sst Gaba_16,053 Sst Gaba,07 CTX-MGE GABA,GABA,253,3.9390745,4.9253683,0.7075098814229249
528,0817 Sst Gaba_15,0228 Sst Gaba_15,053 Sst Gaba,07 CTX-MGE GABA,GABA,359,4.2244964,5.2497754,0.7298050139275766
529,0807 Sst Gaba_12,0225 Sst Gaba_12,053 Sst Gaba,07 CTX-MGE GABA,GABA,56,3.4959261,4.597441,0.6428571428571429
530,0828 Sst Gaba_19,0232 Sst Gaba_19,053 Sst Gaba,07 CTX-MGE GABA,GABA,67,4.3795137,5.480989,0.746268656716418
531,0794 Sst Gaba_7,0220 Sst Gaba_7,053 Sst Gaba,07 CTX-MGE GABA,GABA,7,2.5238023,3.876119,0.5714285714285714
532,0787 Sst Gaba_6,0219 Sst Gaba_6,053 Sst Gaba,07 CTX-MGE GABA,GABA,51,3.551164,4.616571,0.6666666666666666
533,0767 Sst Gaba_3,0216 Sst Gaba_3,053 Sst Gaba,07 CTX-MGE GABA,GABA,73,3.6404853,4.988785,0.6301369863013698
534,0788 Sst Gaba_6,0219 Sst Gaba_6,053 Sst Gaba,07 CTX-MGE GABA,GABA,69,3.6050792,4.6964574,0.6666666666666666
535,0768 Sst Gaba_3,0216 Sst Gaba_3,053 Sst Gaba,07 CTX-MGE GABA,GABA,34,3.7718375,5.087601,0.6764705882352942
536,0785 Sst Gaba_6,0219 Sst Gaba_6,053 Sst Gaba,07 CTX-MGE GABA,GABA,32,2.835413,4.3300447,0.53125
537,0786 Sst Gaba_6,0219 Sst Gaba_6,053 Sst Gaba,07 CTX-MGE GABA,GABA,71,4.017102,4.9597926,0.7323943661971831
538,0789 Sst Gaba_6,0219 Sst Gaba_6,053 Sst Gaba,07 CTX-MGE GABA,GABA,101,3.03537,4.7486005,0.5247524752475248
539,0790 Sst Gaba_6,0219 Sst Gaba_6,053 Sst Gaba,07 CTX-MGE GABA,GABA,35,3.0685115,4.3606076,0.5714285714285714
540,0769 Sst Gaba_3,0216 Sst Gaba_3,053 Sst Gaba,07 CTX-MGE GABA,GABA,69,3.7235305,4.934109,0.6811594202898551
541,0770 Sst Gaba_3,0216 Sst Gaba_3,053 Sst Gaba,07 CTX-MGE GABA,GABA,90,2.5822833,0.0,0.4666666666666667
542,0771 Sst Gaba_3,0216 Sst Gaba_3,053 Sst Gaba,07 CTX-MGE GABA,GABA,88,3.133968,4.179309,0.6136363636363636
543,0772 Sst Gaba_3,0216 Sst Gaba_3,053 Sst Gaba,07 CTX-MGE GABA,GABA,119,3.380213,4.3920975,0.6470588235294118
544,0773 Sst Gaba_3,0216 Sst Gaba_3,053 Sst Gaba,07 CTX-MGE GABA,GABA,64,2.9573853,4.1968346,0.5625
545,0774 Sst Gaba_3,0216 Sst Gaba_3,053 Sst Gaba,07 CTX-MGE GABA,GABA,59,3.6958287,4.714454,0.6779661016949152
546,0775 Sst Gaba_3,0216 Sst Gaba_3,053 Sst Gaba,07 CTX-MGE GABA,GABA,38,4.05833,5.156459,0.7368421052631579
547,0822 Sst Gaba_17,0230 Sst Gaba_17,053 Sst Gaba,07 CTX-MGE GABA,GABA,3,3.7841346,4.9334283,0.6666666666666666
548,0764 Sst Gaba_2,0215 Sst Gaba_2,053 Sst Gaba,07 CTX-MGE GABA,GABA,33,4.2901683,4.7535353,0.7575757575757576
549,0765 Sst Gaba_2,0215 Sst Gaba_2,053 Sst Gaba,07 CTX-MGE GABA,GABA,2,5.686446,5.686446,1.0
550,0823 Sst Gaba_17,0230 Sst Gaba_17,053 Sst Gaba,07 CTX-MGE GABA,GABA,13,4.1415815,4.4984684,0.7692307692307693
551,0784 Sst Gaba_5,0218 Sst Gaba_5,053 Sst Gaba,07 CTX-MGE GABA,GABA,1,0.0,0.0,0.0
552,0813 Sst Gaba_14,0227 Sst Gaba_14,053 Sst Gaba,07 CTX-MGE GABA,GABA,1,5.7019205,5.7019205,1.0
553,0757 Sst Gaba_1,0214 Sst Gaba_1,053 Sst Gaba,07 CTX-MGE GABA,GABA,1,0.0,0.0,0.0
554,0758 Sst Gaba_1,0214 Sst Gaba_1,053 Sst Gaba,07 CTX-MGE GABA,GABA,3,3.5712326,4.719722,0.6666666666666666
555,0759 Sst Gaba_1,0214 Sst Gaba_1,053 Sst Gaba,07 CTX-MGE GABA,GABA,2,4.9029036,4.9029036,1.0
557,0761 Sst Gaba_1,0214 Sst Gaba_1,053 Sst Gaba,07 CTX-MGE GABA,GABA,9,1.7488458,0.0,0.3333333333333333
558,0812 Sst Gaba_14,0227 Sst Gaba_14,053 Sst Gaba,07 CTX-MGE GABA,GABA,11,4.0487714,4.9790444,0.7272727272727273
559,0814 Sst Gaba_14,0227 Sst Gaba_14,053 Sst Gaba,07 CTX-MGE GABA,GABA,82,2.9924726,4.347626,0.5853658536585366
560,0808 Sst Gaba_12,0225 Sst Gaba_12,053 Sst Gaba,07 CTX-MGE GABA,GABA,26,4.6290984,5.0753884,0.8461538461538461
561,0809 Sst Gaba_12,0225 Sst Gaba_12,053 Sst Gaba,07 CTX-MGE GABA,GABA,201,3.1068351,4.4010854,0.582089552238806
562,0837 STR Prox1 Lhx6 Gaba_3,0235 STR Prox1 Lhx6 Gaba_3,054 STR Prox1 Lhx6 Gaba,08 CNU-MGE GABA,GABA,1,5.140756,5.140756,1.0
580,0838 STR Prox1 Lhx6 Gaba_3,0235 STR Prox1 Lhx6 Gaba_3,054 STR Prox1 Lhx6 Gaba,08 CNU-MGE GABA,GABA,1,0.0,0.0,0.0
590,0747 Pvalb Gaba_4,0208 Pvalb Gaba_4,052 Pvalb Gaba,07 CTX-MGE GABA,GABA,144,3.4908946,4.6928577,0.6597222222222222
592,0734 Pvalb Gaba_1,0205 Pvalb Gaba_1,052 Pvalb Gaba,07 CTX-MGE GABA,GABA,57,3.9005358,5.3051906,0.6666666666666666
593,0735 Pvalb Gaba_1,0205 Pvalb Gaba_1,052 Pvalb Gaba,07 CTX-MGE GABA,GABA,6,3.6335545,4.9430227,0.6666666666666666
594,0736 Pvalb Gaba_1,0205 Pvalb Gaba_1,052 Pvalb Gaba,07 CTX-MGE GABA,GABA,3,3.7470589,4.463285,0.6666666666666666
595,0753 Pvalb Gaba_7,0211 Pvalb Gaba_7,052 Pvalb Gaba,07 CTX-MGE GABA,GABA,25,4.3955493,5.2405424,0.8
596,0744 Pvalb Gaba_4,0208 Pvalb Gaba_4,052 Pvalb Gaba,07 CTX-MGE GABA,GABA,16,4.0370526,5.4178457,0.6875
597,0745 Pvalb Gaba_4,0208 Pvalb Gaba_4,052 Pvalb Gaba,07 CTX-MGE GABA,GABA,66,3.6961641,4.7986684,0.6515151515151515
598,0746 Pvalb Gaba_4,0208 Pvalb Gaba_4,052 Pvalb Gaba,07 CTX-MGE GABA,GABA,12,2.6407995,2.007291,0.5
599,0740 Pvalb Gaba_3,0207 Pvalb Gaba_3,052 Pvalb Gaba,07 CTX-MGE GABA,GABA,2,2.939735,2.939735,0.5
600,0741 Pvalb Gaba_3,0207 Pvalb Gaba_3,052 Pvalb Gaba,07 CTX-MGE GABA,GABA,22,3.9021554,5.1436195,0.6818181818181818
601,0754 Pvalb Gaba_8,0212 Pvalb Gaba_8,052 Pvalb Gaba,07 CTX-MGE GABA,GABA,787,4.0216217,5.063691,0.7204574332909784
602,0748 Pvalb Gaba_5,0209 Pvalb Gaba_5,052 Pvalb Gaba,07 CTX-MGE GABA,GABA,367,4.480157,5.406552,0.7629427792915532
603,0751 Pvalb Gaba_6,0210 Pvalb Gaba_6,052 Pvalb Gaba,07 CTX-MGE GABA,GABA,27,4.489226,5.6436596,0.7777777777777778
604,0749 Pvalb Gaba_5,0209 Pvalb Gaba_5,052 Pvalb Gaba,07 CTX-MGE GABA,GABA,12,4.209211,6.081684,0.6666666666666666
605,0750 Pvalb Gaba_5,0209 Pvalb Gaba_5,052 Pvalb Gaba,07 CTX-MGE GABA,GABA,12,4.907702,5.844091,0.8333333333333334
606,0742 Pvalb Gaba_3,0207 Pvalb Gaba_3,052 Pvalb Gaba,07 CTX-MGE GABA,GABA,26,4.6577787,5.6125965,0.8076923076923077
607,0752 Pvalb Gaba_6,0210 Pvalb Gaba_6,052 Pvalb Gaba,07 CTX-MGE GABA,GABA,2,5.5046797,5.5046797,1.0
608,0737 Pvalb Gaba_2,0206 Pvalb Gaba_2,052 Pvalb Gaba,07 CTX-MGE GABA,GABA,72,3.4390337,4.6688743,0.6527777777777778
609,0791 Sst Gaba_6,0219 Sst Gaba_6,053 Sst Gaba,07 CTX-MGE GABA,GABA,58,4.1164293,5.028495,0.7068965517241379
610,0755 Pvalb Gaba_9,0213 Pvalb Gaba_9,052 Pvalb Gaba,07 CTX-MGE GABA,GABA,20,3.1040854,4.2314706,0.55
611,0738 Pvalb Gaba_2,0206 Pvalb Gaba_2,052 Pvalb Gaba,07 CTX-MGE GABA,GABA,22,4.0182524,4.7845497,0.7727272727272727
612,0739 Pvalb Gaba_2,0206 Pvalb Gaba_2,052 Pvalb Gaba,07 CTX-MGE GABA,GABA,32,4.291913,5.1100183,0.78125
613,0732 Pvalb chandelier Gaba_1,0204 Pvalb chandelier Gaba_1,051 Pvalb chandelier Gaba,07 CTX-MGE GABA,GABA,193,3.5136516,4.5219097,0.6632124352331606
614,0733 Pvalb chandelier Gaba_1,0204 Pvalb chandelier Gaba_1,051 Pvalb chandelier Gaba,07 CTX-MGE GABA,GABA,196,3.7421598,5.136474,0.6479591836734694
615,0638 Vip Gaba_4,0176 Vip Gaba_4,046 Vip Gaba,06 CTX-CGE GABA,GABA,41,2.6514754,0.0,0.43902439024390244
616,0661 Vip Gaba_11,0183 Vip Gaba_11,046 Vip Gaba,06 CTX-CGE GABA,GABA,27,2.805724,0.0,0.4444444444444444
617,0639 Vip Gaba_4,0176 Vip Gaba_4,046 Vip Gaba,06 CTX-CGE GABA,GABA,80,2.552419,0.0,0.425
618,0662 Vip Gaba_12,0184 Vip Gaba_12,046 Vip Gaba,06 CTX-CGE GABA,GABA,8,2.5048027,0.0,0.375
622,0672 Sncg Gaba_3,0187 Sncg Gaba_3,047 Sncg Gaba,06 CTX-CGE GABA,GABA,35,0.8879061,0.0,0.17142857142857143
624,0682 Sncg Gaba_6,0190 Sncg Gaba_6,047 Sncg Gaba,06 CTX-CGE GABA,GABA,85,2.2017286,0.0,0.4588235294117647
625,0676 Sncg Gaba_3,0187 Sncg Gaba_3,047 Sncg Gaba,06 CTX-CGE GABA,GABA,157,2.4429965,0.0,0.4840764331210191
626,0645 Vip Gaba_6,0178 Vip Gaba_6,046 Vip Gaba,06 CTX-CGE GABA,GABA,136,1.3817344,0.0,0.23529411764705882
627,0646 Vip Gaba_6,0178 Vip Gaba_6,046 Vip Gaba,06 CTX-CGE GABA,GABA,48,1.9295224,0.0,0.3125
628,0640 Vip Gaba_5,0177 Vip Gaba_5,046 Vip Gaba,06 CTX-CGE GABA,GABA,33,1.9220237,0.0,0.3333333333333333
629,0647 Vip Gaba_6,0178 Vip Gaba_6,046 Vip Gaba,06 CTX-CGE GABA,GABA,2,0.0,0.0,0.0
630,0641 Vip Gaba_5,0177 Vip Gaba_5,046 Vip Gaba,06 CTX-CGE GABA,GABA,430,2.855321,0.0,0.4720930232558139
631,0642 Vip Gaba_5,0177 Vip Gaba_5,046 Vip Gaba,06 CTX-CGE GABA,GABA,2,0.0,0.0,0.0
632,0643 Vip Gaba_5,0177 Vip Gaba_5,046 Vip Gaba,06 CTX-CGE GABA,GABA,186,2.0367622,0.0,0.3387096774193548
633,0627 Vip Gaba_2,0174 Vip Gaba_2,046 Vip Gaba,06 CTX-CGE GABA,GABA,66,2.94506,0.0,0.4696969696969697
634,0628 Vip Gaba_2,0174 Vip Gaba_2,046 Vip Gaba,06 CTX-CGE GABA,GABA,245,2.390013,0.0,0.4
635,0629 Vip Gaba_2,0174 Vip Gaba_2,046 Vip Gaba,06 CTX-CGE GABA,GABA,105,2.9527235,0.0,0.4857142857142857
636,0632 Vip Gaba_3,0175 Vip Gaba_3,046 Vip Gaba,06 CTX-CGE GABA,GABA,95,2.9709883,0.0,0.4842105263157895
637,0633 Vip Gaba_3,0175 Vip Gaba_3,046 Vip Gaba,06 CTX-CGE GABA,GABA,80,2.7491124,0.0,0.45
638,0663 Vip Gaba_12,0184 Vip Gaba_12,046 Vip Gaba,06 CTX-CGE GABA,GABA,27,2.1407437,0.0,0.3333333333333333
639,0673 Sncg Gaba_3,0187 Sncg Gaba_3,047 Sncg Gaba,06 CTX-CGE GABA,GABA,16,2.2734857,0.0,0.375
640,0648 Vip Gaba_6,0178 Vip Gaba_6,046 Vip Gaba,06 CTX-CGE GABA,GABA,5,2.4145977,0.0,0.4
641,0674 Sncg Gaba_3,0187 Sncg Gaba_3,047 Sncg Gaba,06 CTX-CGE GABA,GABA,35,2.268078,0.0,0.4
642,0669 Sncg Gaba_2,0186 Sncg Gaba_2,047 Sncg Gaba,06 CTX-CGE GABA,GABA,3,3.62729,5.3538413,0.6666666666666666
644,0654 Vip Gaba_9,0181 Vip Gaba_9,046 Vip Gaba,06 CTX-CGE GABA,GABA,122,2.0077896,0.0,0.36065573770491804
645,0675 Sncg Gaba_3,0187 Sncg Gaba_3,047 Sncg Gaba,06 CTX-CGE GABA,GABA,59,2.3568788,0.0,0.4406779661016949
646,0649 Vip Gaba_7,0179 Vip Gaba_7,046 Vip Gaba,06 CTX-CGE GABA,GABA,241,1.9526772,0.0,0.34854771784232363
647,0650 Vip Gaba_7,0179 Vip Gaba_7,046 Vip Gaba,06 CTX-CGE GABA,GABA,291,2.4964466,0.0,0.42955326460481097
648,0655 Vip Gaba_9,0181 Vip Gaba_9,046 Vip Gaba,06 CTX-CGE GABA,GABA,413,2.3499458,0.0,0.39709443099273606
649,0623 Vip Gaba_1,0173 Vip Gaba_1,046 Vip Gaba,06 CTX-CGE GABA,GABA,205,2.6546617,0.0,0.43902439024390244
650,0651 Vip Gaba_7,0179 Vip Gaba_7,046 Vip Gaba,06 CTX-CGE GABA,GABA,117,1.5745811,0.0,0.2905982905982906
651,0644 Vip Gaba_5,0177 Vip Gaba_5,046 Vip Gaba,06 CTX-CGE GABA,GABA,369,2.1083777,0.0,0.36314363143631434
652,0630 Vip Gaba_2,0174 Vip Gaba_2,046 Vip Gaba,06 CTX-CGE GABA,GABA,17,3.192907,5.244503,0.5294117647058824
653,0634 Vip Gaba_3,0175 Vip Gaba_3,046 Vip Gaba,06 CTX-CGE GABA,GABA,143,2.8766139,0.0,0.4755244755244755
654,0656 Vip Gaba_9,0181 Vip Gaba_9,046 Vip Gaba,06 CTX-CGE GABA,GABA,12,0.50934124,0.0,0.08333333333333333
655,0635 Vip Gaba_3,0175 Vip Gaba_3,046 Vip Gaba,06 CTX-CGE GABA,GABA,31,2.279128,0.0,0.3870967741935484
656,0636 Vip Gaba_4,0176 Vip Gaba_4,046 Vip Gaba,06 CTX-CGE GABA,GABA,57,2.8102586,0.0,0.45614035087719296
657,0657 Vip Gaba_9,0181 Vip Gaba_9,046 Vip Gaba,06 CTX-CGE GABA,GABA,18,1.5678546,0.0,0.2777777777777778
659,0685 Sncg Gaba_8,0192 Sncg Gaba_8,047 Sncg Gaba,06 CTX-CGE GABA,GABA,28,1.7783467,0.0,0.32142857142857145
660,0637 Vip Gaba_4,0176 Vip Gaba_4,046 Vip Gaba,06 CTX-CGE GABA,GABA,30,2.5228236,0.0,0.43333333333333335
661,0683 Sncg Gaba_7,0191 Sncg Gaba_7,047 Sncg Gaba,06 CTX-CGE GABA,GABA,1,4.8348684,4.8348684,1.0
662,0631 Vip Gaba_2,0174 Vip Gaba_2,046 Vip Gaba,06 CTX-CGE GABA,GABA,36,3.8679678,5.4430294,0.6388888888888888
663,0652 Vip Gaba_8,0180 Vip Gaba_8,046 Vip Gaba,06 CTX-CGE GABA,GABA,6,1.7276859,0.0,0.3333333333333333
664,0671 Sncg Gaba_2,0186 Sncg Gaba_2,047 Sncg Gaba,06 CTX-CGE GABA,GABA,3,1.755818,0.0,0.3333333333333333
665,0679 Sncg Gaba_5,0189 Sncg Gaba_5,047 Sncg Gaba,06 CTX-CGE GABA,GABA,58,1.9707549,0.0,0.41379310344827586
666,0664 Sncg Gaba_1,0185 Sncg Gaba_1,047 Sncg Gaba,06 CTX-CGE GABA,GABA,24,1.7367811,0.0,0.375
667,0624 Vip Gaba_1,0173 Vip Gaba_1,046 Vip Gaba,06 CTX-CGE GABA,GABA,66,2.2506838,0.0,0.3787878787878788
668,0697 RHP-COA Ndnf Gaba_4,0196 RHP-COA Ndnf Gaba_4,048 RHP-COA Ndnf Gaba,06 CTX-CGE GABA,Glut-GABA,59,3.0202506,4.2735443,0.6101694915254238
669,0698 RHP-COA Ndnf Gaba_4,0196 RHP-COA Ndnf Gaba_4,048 RHP-COA Ndnf Gaba,06 CTX-CGE GABA,GABA,47,2.6948104,4.1688952,0.5319148936170213
670,0686 RHP-COA Ndnf Gaba_1,0193 RHP-COA Ndnf Gaba_1,048 RHP-COA Ndnf Gaba,06 CTX-CGE GABA,GABA,310,2.2006612,0.0,0.45161290322580644
671,0694 RHP-COA Ndnf Gaba_3,0195 RHP-COA Ndnf Gaba_3,048 RHP-COA Ndnf Gaba,06 CTX-CGE GABA,GABA,84,3.1968625,4.6224856,0.5714285714285714
672,0704 RHP-COA Ndnf Gaba_6,0198 RHP-COA Ndnf Gaba_6,048 RHP-COA Ndnf Gaba,06 CTX-CGE GABA,GABA,87,3.6551278,4.525401,0.7011494252873564
673,0701 RHP-COA Ndnf Gaba_5,0197 RHP-COA Ndnf Gaba_5,048 RHP-COA Ndnf Gaba,06 CTX-CGE GABA,GABA,64,2.873066,4.1250486,0.5625
674,0702 RHP-COA Ndnf Gaba_5,0197 RHP-COA Ndnf Gaba_5,048 RHP-COA Ndnf Gaba,06 CTX-CGE GABA,Glut-GABA,49,1.7232559,0.0,0.32653061224489793
675,0699 RHP-COA Ndnf Gaba_5,0197 RHP-COA Ndnf Gaba_5,048 RHP-COA Ndnf Gaba,06 CTX-CGE GABA,GABA,32,1.470499,0.0,0.28125
676,0703 RHP-COA Ndnf Gaba_5,0197 RHP-COA Ndnf Gaba_5,048 RHP-COA Ndnf Gaba,06 CTX-CGE GABA,GABA,44,3.24263,4.676112,0.6136363636363636
677,0681 Sncg Gaba_5,0189 Sncg Gaba_5,047 Sncg Gaba,06 CTX-CGE GABA,GABA,134,2.397964,1.6662705,0.5
678,0687 RHP-COA Ndnf Gaba_1,0193 RHP-COA Ndnf Gaba_1,048 RHP-COA Ndnf Gaba,06 CTX-CGE GABA,GABA,140,2.1584482,0.0,0.45
679,0688 RHP-COA Ndnf Gaba_1,0193 RHP-COA Ndnf Gaba_1,048 RHP-COA Ndnf Gaba,06 CTX-CGE GABA,GABA,80,2.5937304,3.7371402,0.55
680,0665 Sncg Gaba_1,0185 Sncg Gaba_1,047 Sncg Gaba,06 CTX-CGE GABA,GABA,132,2.3854146,3.521061,0.5075757575757576
681,0689 RHP-COA Ndnf Gaba_1,0193 RHP-COA Ndnf Gaba_1,048 RHP-COA Ndnf Gaba,06 CTX-CGE GABA,GABA,219,1.8632846,0.0,0.3561643835616438
682,0695 RHP-COA Ndnf Gaba_3,0195 RHP-COA Ndnf Gaba_3,048 RHP-COA Ndnf Gaba,06 CTX-CGE GABA,GABA,77,2.8184645,4.085119,0.5584415584415584
683,0700 RHP-COA Ndnf Gaba_5,0197 RHP-COA Ndnf Gaba_5,048 RHP-COA Ndnf Gaba,06 CTX-CGE GABA,Glut-GABA,17,1.7919664,0.0,0.4117647058823529
684,0678 Sncg Gaba_4,0188 Sncg Gaba_4,047 Sncg Gaba,06 CTX-CGE GABA,Glut-GABA,248,2.4548972,3.637238,0.5201612903225806
685,0680 Sncg Gaba_5,0189 Sncg Gaba_5,047 Sncg Gaba,06 CTX-CGE GABA,GABA,50,1.8565155,0.0,0.36
686,0625 Vip Gaba_1,0173 Vip Gaba_1,046 Vip Gaba,06 CTX-CGE GABA,GABA,183,2.2792385,0.0,0.3770491803278688
688,0626 Vip Gaba_1,0173 Vip Gaba_1,046 Vip Gaba,06 CTX-CGE GABA,GABA,19,4.2372875,5.0312514,0.7894736842105263
689,0666 Sncg Gaba_1,0185 Sncg Gaba_1,047 Sncg Gaba,06 CTX-CGE GABA,GABA,71,2.8615994,3.8906808,0.5915492957746479
690,0705 RHP-COA Ndnf Gaba_6,0198 RHP-COA Ndnf Gaba_6,048 RHP-COA Ndnf Gaba,06 CTX-CGE GABA,GABA,10,2.422709,2.0800996,0.5
691,0659 Vip Gaba_10,0182 Vip Gaba_10,046 Vip Gaba,06 CTX-CGE GABA,GABA,35,2.0509834,0.0,0.42857142857142855
692,0667 Sncg Gaba_1,0185 Sncg Gaba_1,047 Sncg Gaba,06 CTX-CGE GABA,GABA,11,2.4371564,3.498676,0.5454545454545454
693,0670 Sncg Gaba_2,0186 Sncg Gaba_2,047 Sncg Gaba,06 CTX-CGE GABA,GABA,11,3.2722394,3.8951926,0.6363636363636364
694,0690 RHP-COA Ndnf Gaba_2,0194 RHP-COA Ndnf Gaba_2,048 RHP-COA Ndnf Gaba,06 CTX-CGE GABA,GABA,3,1.747244,0.0,0.3333333333333333
695,0691 RHP-COA Ndnf Gaba_2,0194 RHP-COA Ndnf Gaba_2,048 RHP-COA Ndnf Gaba,06 CTX-CGE GABA,GABA,4,4.5131626,5.2715683,0.75
696,0692 RHP-COA Ndnf Gaba_2,0194 RHP-COA Ndnf Gaba_2,048 RHP-COA Ndnf Gaba,06 CTX-CGE GABA,GABA,2,2.410815,2.410815,0.5
697,0696 RHP-COA Ndnf Gaba_3,0195 RHP-COA Ndnf Gaba_3,048 RHP-COA Ndnf Gaba,06 CTX-CGE GABA,GABA,26,2.5431361,1.9842471,0.5
698,0653 Vip Gaba_8,0180 Vip Gaba_8,046 Vip Gaba,06 CTX-CGE GABA,GABA,88,2.0123072,0.0,0.3977272727272727
699,0668 Sncg Gaba_1,0185 Sncg Gaba_1,047 Sncg Gaba,06 CTX-CGE GABA,GABA,13,2.6753278,4.1061077,0.5384615384615384
700,0693 RHP-COA Ndnf Gaba_3,0195 RHP-COA Ndnf Gaba_3,048 RHP-COA Ndnf Gaba,06 CTX-CGE GABA,GABA,27,3.9295955,4.526329,0.7777777777777778
701,0706 Lamp5 Gaba_1,0199 Lamp5 Gaba_1,049 Lamp5 Gaba,06 CTX-CGE GABA,GABA,10,2.42004,1.8921003,0.5
702,0707 Lamp5 Gaba_1,0199 Lamp5 Gaba_1,049 Lamp5 Gaba,06 CTX-CGE GABA,GABA,3,0.0,0.0,0.0
703,0708 Lamp5 Gaba_1,0199 Lamp5 Gaba_1,049 Lamp5 Gaba,06 CTX-CGE GABA,GABA,1193,2.9795094,4.471402,0.5389773679798826
704,0709 Lamp5 Gaba_1,0199 Lamp5 Gaba_1,049 Lamp5 Gaba,06 CTX-CGE GABA,GABA,139,3.2430377,4.6474733,0.60431654676259
705,0710 Lamp5 Gaba_1,0199 Lamp5 Gaba_1,049 Lamp5 Gaba,06 CTX-CGE GABA,GABA,574,3.1804848,4.65538,0.5871080139372822
706,0714 Lamp5 Gaba_2,0200 Lamp5 Gaba_2,049 Lamp5 Gaba,06 CTX-CGE GABA,GABA,28,2.5063717,0.0,0.42857142857142855
707,0715 Lamp5 Gaba_2,0200 Lamp5 Gaba_2,049 Lamp5 Gaba,06 CTX-CGE GABA,GABA,134,2.9235897,4.15476,0.5074626865671642
708,0716 Lamp5 Gaba_2,0200 Lamp5 Gaba_2,049 Lamp5 Gaba,06 CTX-CGE GABA,GABA,25,2.7344694,0.0,0.48
709,0719 Lamp5 Gaba_3,0201 Lamp5 Gaba_3,049 Lamp5 Gaba,06 CTX-CGE GABA,GABA,5,1.9154915,0.0,0.4
710,0720 Lamp5 Gaba_3,0201 Lamp5 Gaba_3,049 Lamp5 Gaba,06 CTX-CGE GABA,GABA,8,2.693866,2.353941,0.5
711,0721 Lamp5 Gaba_3,0201 Lamp5 Gaba_3,049 Lamp5 Gaba,06 CTX-CGE GABA,GABA,16,3.1411443,4.6088367,0.5625
712,0717 Lamp5 Gaba_2,0200 Lamp5 Gaba_2,049 Lamp5 Gaba,06 CTX-CGE GABA,GABA,16,2.5825589,0.0,0.4375
713,0722 Lamp5 Gaba_4,0202 Lamp5 Gaba_4,049 Lamp5 Gaba,06 CTX-CGE GABA,GABA,20,2.3346138,0.0,0.45
714,0718 Lamp5 Gaba_2,0200 Lamp5 Gaba_2,049 Lamp5 Gaba,06 CTX-CGE GABA,GABA,89,3.1369426,4.5542607,0.5280898876404494
718,0712 Lamp5 Gaba_1,0199 Lamp5 Gaba_1,049 Lamp5 Gaba,06 CTX-CGE GABA,GABA,33,3.5960135,4.9743385,0.6363636363636364
719,0711 Lamp5 Gaba_1,0199 Lamp5 Gaba_1,049 Lamp5 Gaba,06 CTX-CGE GABA,GABA,68,3.6348855,4.9897056,0.6470588235294118
720,0713 Lamp5 Gaba_1,0199 Lamp5 Gaba_1,049 Lamp5 Gaba,06 CTX-CGE GABA,GABA,35,3.6488457,4.786004,0.6571428571428571
721,0723 Lamp5 Gaba_4,0202 Lamp5 Gaba_4,049 Lamp5 Gaba,06 CTX-CGE GABA,GABA,2,4.655119,4.655119,1.0
722,0729 Lamp5 Lhx6 Gaba_1,0203 Lamp5 Lhx6 Gaba_1,050 Lamp5 Lhx6 Gaba,07 CTX-MGE GABA,GABA,281,1.9784203,0.0,0.36298932384341637
723,0727 Lamp5 Lhx6 Gaba_1,0203 Lamp5 Lhx6 Gaba_1,050 Lamp5 Lhx6 Gaba,07 CTX-MGE GABA,GABA,18,2.7393484,2.1697145,0.5
724,0730 Lamp5 Lhx6 Gaba_1,0203 Lamp5 Lhx6 Gaba_1,050 Lamp5 Lhx6 Gaba,07 CTX-MGE GABA,GABA,30,3.137168,4.352622,0.6333333333333333
725,0724 Lamp5 Lhx6 Gaba_1,0203 Lamp5 Lhx6 Gaba_1,050 Lamp5 Lhx6 Gaba,07 CTX-MGE GABA,GABA,516,3.2510936,4.605256,0.5968992248062015
726,0731 Lamp5 Lhx6 Gaba_1,0203 Lamp5 Lhx6 Gaba_1,050 Lamp5 Lhx6 Gaba,07 CTX-MGE GABA,GABA,385,2.9320192,4.232607,0.535064935064935
727,0728 Lamp5 Lhx6 Gaba_1,0203 Lamp5 Lhx6 Gaba_1,050 Lamp5 Lhx6 Gaba,07 CTX-MGE GABA,GABA,30,1.7281736,0.0,0.3
728,0725 Lamp5 Lhx6 Gaba_1,0203 Lamp5 Lhx6 Gaba_1,050 Lamp5 Lhx6 Gaba,07 CTX-MGE GABA,GABA,65,1.9461732,0.0,0.35384615384615387
729,0726 Lamp5 Lhx6 Gaba_1,0203 Lamp5 Lhx6 Gaba_1,050 Lamp5 Lhx6 Gaba,07 CTX-MGE GABA,GABA,1316,2.4563975,0.0,0.45440729483282677
761,0860 Sst Chodl Gaba_5,0242 Sst Chodl Gaba_5,056 Sst Chodl Gaba,08 CNU-MGE GABA,GABA,1,0.0,0.0,0.0
764,0850 Sst Chodl Gaba_2,0239 Sst Chodl Gaba_2,056 Sst Chodl Gaba,08 CNU-MGE GABA,GABA,3,4.3389,6.422396,0.6666666666666666
767,0859 Sst Chodl Gaba_4,0241 Sst Chodl Gaba_4,056 Sst Chodl Gaba,08 CNU-MGE GABA,GABA,24,4.9823146,5.321456,0.875
1143,1189 MEA-BST Sox6 Gaba_1,0337 MEA-BST Sox6 Gaba_1,073 MEA-BST Sox6 Gaba,11 CNU-HYa GABA,GABA,1,0.0,0.0,0.0
1150,1234 MEA-BST Sox6 Gaba_9,0345 MEA-BST Sox6 Gaba_9,073 MEA-BST Sox6 Gaba,11 CNU-HYa GABA,GABA,2,0.0,0.0,0.0
1205,1275 MEA-BST Lhx6 Nr2e1 Gaba_2,0355 MEA-BST Lhx6 Nr2e1 Gaba_2,075 MEA-BST Lhx6 Nr2e1 Gaba,11 CNU-HYa GABA,GABA,1,4.725893,4.725893,1.0
1211,1276 MEA-BST Lhx6 Nr2e1 Gaba_2,0355 MEA-BST Lhx6 Nr2e1 Gaba_2,075 MEA-BST Lhx6 Nr2e1 Gaba,11 CNU-HYa GABA,GABA,1,5.4636097,5.4636097,1.0
1214,1277 MEA-BST Lhx6 Nr2e1 Gaba_2,0355 MEA-BST Lhx6 Nr2e1 Gaba_2,075 MEA-BST Lhx6 Nr2e1 Gaba,11 CNU-HYa GABA,GABA,4,5.763825,5.7492275,1.0
1215,1279 MEA-BST Lhx6 Nr2e1 Gaba_2,0355 MEA-BST Lhx6 Nr2e1 Gaba_2,075 MEA-BST Lhx6 Nr2e1 Gaba,11 CNU-HYa GABA,GABA,1,0.0,0.0,0.0
1220,0830 STR Prox1 Lhx6 Gaba_1,0233 STR Prox1 Lhx6 Gaba_1,054 STR Prox1 Lhx6 Gaba,08 CNU-MGE GABA,GABA,1,5.7046924,5.7046924,1.0
1264,1000 STR D1 Sema5a Gaba_4,0284 STR D1 Sema5a Gaba_4,063 STR D1 Sema5a Gaba,09 CNU-LGE GABA,GABA,1,0.0,0.0,0.0
1276,1011 STR-PAL Chst9 Gaba_4,0288 STR-PAL Chst9 Gaba_4,064 STR-PAL Chst9 Gaba,09 CNU-LGE GABA,GABA,3,1.8518573,0.0,0.3333333333333333
1277,1005 STR-PAL Chst9 Gaba_2,0286 STR-PAL Chst9 Gaba_2,064 STR-PAL Chst9 Gaba,09 CNU-LGE GABA,GABA,4,1.4716983,0.0,0.25
1316,0549 OB-in Frmd7 Gaba_2,0151 OB-in Frmd7 Gaba_2,041 OB-in Frmd7 Gaba,05 OB-IMN GABA,GABA,1,0.0,0.0,0.0
1333,0548 OB-in Frmd7 Gaba_2,0151 OB-in Frmd7 Gaba_2,041 OB-in Frmd7 Gaba,05 OB-IMN GABA,GABA,2,0.0,0.0,0.0
1339,0516 DG-PIR Ex IMN_3,0142 DG-PIR Ex IMN_3,038 DG-PIR Ex IMN,04 DG-IMN Glut,Glut,12,2.1440828,0.0,0.25
1347,0612 OB-STR-CTX Inh IMN_4,0169 OB-STR-CTX Inh IMN_4,045 OB-STR-CTX Inh IMN,05 OB-IMN GABA,,33,1.3594854,0.0,0.18181818181818182
1357,0593 OB-STR-CTX Inh IMN_1,0166 OB-STR-CTX Inh IMN_1,045 OB-STR-CTX Inh IMN,05 OB-IMN GABA,,12,1.8898878,0.0,0.3333333333333333
1359,0609 OB-STR-CTX Inh IMN_3,0168 OB-STR-CTX Inh IMN_3,045 OB-STR-CTX Inh IMN,05 OB-IMN GABA,GABA,8,1.005941,0.0,0.125
1360,0594 OB-STR-CTX Inh IMN_1,0166 OB-STR-CTX Inh IMN_1,045 OB-STR-CTX Inh IMN,05 OB-IMN GABA,,27,3.527858,5.4636097,0.5555555555555556
1361,0610 OB-STR-CTX Inh IMN_3,0168 OB-STR-CTX Inh IMN_3,045 OB-STR-CTX Inh IMN,05 OB-IMN GABA,GABA,3,0.0,0.0,0.0
1362,0622 OB-STR-CTX Inh IMN_7,0172 OB-STR-CTX Inh IMN_7,045 OB-STR-CTX Inh IMN,05 OB-IMN GABA,,6,2.1838844,0.0,0.3333333333333333
1363,0511 DG-PIR Ex IMN_1,0140 DG-PIR Ex IMN_1,038 DG-PIR Ex IMN,04 DG-IMN Glut,Glut,23,1.6894913,0.0,0.2608695652173913
1364,0595 OB-STR-CTX Inh IMN_1,0166 OB-STR-CTX Inh IMN_1,045 OB-STR-CTX Inh IMN,05 OB-IMN GABA,,32,5.1807876,6.35647,0.75
1365,0596 OB-STR-CTX Inh IMN_1,0166 OB-STR-CTX Inh IMN_1,045 OB-STR-CTX Inh IMN,05 OB-IMN GABA,,32,6.138933,6.9171376,0.875
1366,0597 OB-STR-CTX Inh IMN_1,0166 OB-STR-CTX Inh IMN_1,045 OB-STR-CTX Inh IMN,05 OB-IMN GABA,,6,1.2685221,0.0,0.16666666666666666
1367,0598 OB-STR-CTX Inh IMN_1,0166 OB-STR-CTX Inh IMN_1,045 OB-STR-CTX Inh IMN,05 OB-IMN GABA,,40,5.6706195,6.6653805,0.8
1368,0599 OB-STR-CTX Inh IMN_1,0166 OB-STR-CTX Inh IMN_1,045 OB-STR-CTX Inh IMN,05 OB-IMN GABA,,12,6.010765,6.9251328,0.8333333333333334
1369,0600 OB-STR-CTX Inh IMN_1,0166 OB-STR-CTX Inh IMN_1,045 OB-STR-CTX Inh IMN,05 OB-IMN GABA,GABA,5,3.350967,4.749032,0.6
1371,0512 DG-PIR Ex IMN_2,0141 DG-PIR Ex IMN_2,038 DG-PIR Ex IMN,04 DG-IMN Glut,,150,1.4069252,0.0,0.20666666666666667
1372,0513 DG-PIR Ex IMN_2,0141 DG-PIR Ex IMN_2,038 DG-PIR Ex IMN,04 DG-IMN Glut,Glut,81,2.9044383,0.0,0.43209876543209874
1398,0502 DG Glut_1,0136 DG Glut_1,037 DG Glut,04 DG-IMN Glut,Glut,14,3.217759,4.920389,0.5714285714285714
1399,0503 DG Glut_1,0136 DG Glut_1,037 DG Glut,04 DG-IMN Glut,Glut,103,2.719631,0.0,0.46601941747572817
1400,0504 DG Glut_1,0136 DG Glut_1,037 DG Glut,04 DG-IMN Glut,Glut,19,1.6389908,0.0,0.3157894736842105
1401,0508 DG Glut_3,0138 DG Glut_3,037 DG Glut,04 DG-IMN Glut,Glut,29,2.0879438,0.0,0.3793103448275862
1402,0509 DG Glut_3,0138 DG Glut_3,037 DG Glut,04 DG-IMN Glut,Glut,38,0.9280802,0.0,0.15789473684210525
1403,0505 DG Glut_2,0137 DG Glut_2,037 DG Glut,04 DG-IMN Glut,Glut,4143,2.57945,0.0,0.42698527636978034
1404,0506 DG Glut_2,0137 DG Glut_2,037 DG Glut,04 DG-IMN Glut,Glut,117,1.4239386,0.0,0.20512820512820512
1405,0507 DG Glut_2,0137 DG Glut_2,037 DG Glut,04 DG-IMN Glut,Glut,6873,2.4377112,0.0,0.42354139386003203
1406,0514 DG-PIR Ex IMN_2,0141 DG-PIR Ex IMN_2,038 DG-PIR Ex IMN,04 DG-IMN Glut,Glut,359,3.123469,0.0,0.4818941504178273
1407,0510 DG Glut_4,0139 DG Glut_4,037 DG Glut,04 DG-IMN Glut,Glut,2629,2.7893264,0.0,0.49714720426017495
1408,0515 DG-PIR Ex IMN_2,0141 DG-PIR Ex IMN_2,038 DG-PIR Ex IMN,04 DG-IMN Glut,,452,1.9179243,0.0,0.2676991150442478
1772,1988 LGv-ZI Otx2 Gaba_5,0500 LGv-ZI Otx2 Gaba_5,109 LGv-ZI Otx2 Gaba,12 HY GABA,GABA,1,5.3546276,5.3546276,1.0
2299,2130 ADP-MPO Trp73 Glut_3,0529 ADP-MPO Trp73 Glut_3,118 ADP-MPO Trp73 Glut,13 CNU-HYa Glut,Glut,1,0.0,0.0,0.0
2415,3859 SNc-VTA-RAmb Foxa1 Dopa_3,0882 SNc-VTA-RAmb Foxa1 Dopa_3,215 SNc-VTA-RAmb Foxa1 Dopa,21 MB Dopa,Dopa,1,0.0,0.0,0.0
2575,2039 COAa-PAA-MEA Barhl2 Glut_6,0514 COAa-PAA-MEA Barhl2 Glut_6,114 COAa-PAA-MEA Barhl2 Glut,13 CNU-HYa Glut,Glut,1,0.0,0.0,0.0
2695,0492 OB Eomes Ms4a15 Glut_3,0132 OB Eomes Ms4a15 Glut_3,035 OB Eomes Ms4a15 Glut,03 OB-CR Glut,Glut,2,3.45565,3.45565,0.5
2762,0497 HPF CR Glut_1,0135 HPF CR Glut_1,036 HPF CR Glut,03 OB-CR Glut,Glut,845,3.5097167,0.0,0.4816568047337278
2763,0501 HPF CR Glut_1,0135 HPF CR Glut_1,036 HPF CR Glut,03 OB-CR Glut,Glut,2,3.6681013,3.6681013,0.5
2764,0493 OB Eomes Ms4a15 Glut_3,0132 OB Eomes Ms4a15 Glut_3,035 OB Eomes Ms4a15 Glut,03 OB-CR Glut,Glut,4,3.358985,2.9438093,0.5
2765,0498 HPF CR Glut_1,0135 HPF CR Glut_1,036 HPF CR Glut,03 OB-CR Glut,Glut,2,2.994431,2.994431,0.5
2766,0499 HPF CR Glut_1,0135 HPF CR Glut_1,036 HPF CR Glut,03 OB-CR Glut,Glut,9,2.430975,0.0,0.3333333333333333
2767,0500 HPF CR Glut_1,0135 HPF CR Glut_1,036 HPF CR Glut,03 OB-CR Glut,Glut,44,3.4197423,0.0,0.4772727272727273
2909,2598 MH Tac2 Glut_5,0636 MH Tac2 Glut_5,145 MH Tac2 Glut,17 MH-LH Glut,Glut,1,5.1614795,5.1614795,1.0
3476,3642 LGv-SPFp-SPFm Nkx2-2 Tcf7l2 Gaba_2,0835 LGv-SPFp-SPFm Nkx2-2 Tcf7l2 Gaba_2,203 LGv-SPFp-SPFm Nkx2-2 Tcf7l2 Gaba,20 MB GABA,GABA,1,5.7081714,5.7081714,1.0
3584,3797 SCsg Gabrr2 Gaba_1,0872 SCsg Gabrr2 Gaba_1,213 SCsg Gabrr2 Gaba,20 MB GABA,GABA,1,6.071557,6.071557,1.0
3586,3799 SCsg Gabrr2 Gaba_1,0872 SCsg Gabrr2 Gaba_1,213 SCsg Gabrr2 Gaba,20 MB GABA,GABA,3,6.313314,6.9627733,1.0
3587,3800 SCsg Gabrr2 Gaba_1,0872 SCsg Gabrr2 Gaba_1,213 SCsg Gabrr2 Gaba,20 MB GABA,GABA,2,6.438009,6.438009,1.0
3590,3802 SCsg Gabrr2 Gaba_1,0872 SCsg Gabrr2 Gaba_1,213 SCsg Gabrr2 Gaba,20 MB GABA,GABA,2,4.9005837,4.9005837,1.0
3612,3807 SCsg Gabrr2 Gaba_1,0872 SCsg Gabrr2 Gaba_1,213 SCsg Gabrr2 Gaba,20 MB GABA,GABA,1,0.0,0.0,0.0
5203,5269 OPC NN_1,1179 OPC NN_1,326 OPC NN,31 OPC-Oligo,,11285,7.390103,8.074294,0.9143110323438193
5204,5271 OPC NN_2,1180 OPC NN_2,326 OPC NN,31 OPC-Oligo,,81,7.1552653,8.387062,0.8395061728395061
5205,5266 OPC NN_1,1179 OPC NN_1,326 OPC NN,31 OPC-Oligo,,41,7.1952167,7.586682,0.926829268292683
5206,5267 OPC NN_1,1179 OPC NN_1,326 OPC NN,31 OPC-Oligo,,3,7.7838497,7.939045,1.0
5207,5270 OPC NN_1,1179 OPC NN_1,326 OPC NN,31 OPC-Oligo,,293,7.322289,7.840175,0.9283276450511946
5208,5268 OPC NN_1,1179 OPC NN_1,326 OPC NN,31 OPC-Oligo,,246,7.183782,7.870801,0.9146341463414634
5211,5272 COP NN_1,1181 COP NN_1,327 Oligo NN,31 OPC-Oligo,,500,5.899672,7.173157,0.786
5212,5273 COP NN_1,1181 COP NN_1,327 Oligo NN,31 OPC-Oligo,,660,5.0309134,6.292385,0.740909090909091
5214,5275 COP NN_1,1181 COP NN_1,327 Oligo NN,31 OPC-Oligo,,131,4.5642414,5.832346,0.7022900763358778
5215,5276 COP NN_1,1181 COP NN_1,327 Oligo NN,31 OPC-Oligo,,17,5.613294,6.914235,0.8235294117647058
5216,5277 COP NN_1,1181 COP NN_1,327 Oligo NN,31 OPC-Oligo,,14,4.776141,5.6980352,0.7142857142857143
5218,5279 NFOL NN_2,1182 NFOL NN_2,327 Oligo NN,31 OPC-Oligo,,61,5.3004446,5.7032094,0.8688524590163934
5220,5280 NFOL NN_2,1182 NFOL NN_2,327 Oligo NN,31 OPC-Oligo,,118,4.315059,5.5264688,0.6864406779661016
5222,5281 NFOL NN_2,1182 NFOL NN_2,327 Oligo NN,31 OPC-Oligo,,43,6.515129,6.9636593,0.9534883720930233
5230,5284 MOL NN_4,1184 MOL NN_4,327 Oligo NN,31 OPC-Oligo,,2970,7.99667,8.44359,0.9552188552188552
5231,5285 MOL NN_4,1184 MOL NN_4,327 Oligo NN,31 OPC-Oligo,,10158,8.273428,8.735897,0.9531403819649538
5233,5287 MOL NN_4,1184 MOL NN_4,327 Oligo NN,31 OPC-Oligo,,16,8.007211,8.659526,0.9375
5234,5282 MFOL NN_3,1183 MFOL NN_3,327 Oligo NN,31 OPC-Oligo,,344,7.653189,7.781143,0.9883720930232558
5236,5283 MFOL NN_3,1183 MFOL NN_3,327 Oligo NN,31 OPC-Oligo,,33,6.7715435,7.3747096,0.9090909090909091
5237,5288 MOL NN_4,1184 MOL NN_4,327 Oligo NN,31 OPC-Oligo,,3,8.374804,8.209947,1.0
5243,5304 Peri NN_1,1191 Peri NN_1,331 Peri NN,33 Vascular,,2722,2.7386084,0.0,0.334313005143277
5244,5306 SMC NN_1,1192 SMC NN_1,332 SMC NN,33 Vascular,,439,3.5636916,0.0,0.4510250569476082
5248,5305 Peri NN_1,1191 Peri NN_1,331 Peri NN,33 Vascular,,117,2.3315988,0.0,0.28205128205128205
5249,5307 SMC NN_1,1192 SMC NN_1,332 SMC NN,33 Vascular,,1341,4.6687427,6.962862,0.6010439970171514
5250,5308 SMC NN_1,1192 SMC NN_1,332 SMC NN,33 Vascular,,27,5.993912,7.140325,0.8148148148148148
5252,5309 Endo NN_1,1193 Endo NN_1,333 Endo NN,33 Vascular,,1564,3.8654833,5.971415,0.5166240409207161
5254,5310 Endo NN_1,1193 Endo NN_1,333 Endo NN,33 Vascular,,5378,3.1159735,0.0,0.38899219040535515
5255,5311 Endo NN_1,1193 Endo NN_1,333 Endo NN,33 Vascular,,4358,4.9270487,6.88231,0.6541991739329968
5256,5293 ABC NN_1,1186 ABC NN_1,329 ABC NN,33 Vascular,,313,5.728945,7.0240192,0.7699680511182109
5257,5294 ABC NN_1,1186 ABC NN_1,329 ABC NN,33 Vascular,,24,6.560076,7.3571486,0.875
5258,5295 ABC NN_1,1186 ABC NN_1,329 ABC NN,33 Vascular,,63,5.5829735,6.8241196,0.7936507936507936
5259,5296 VLMC NN_1,1187 VLMC NN_1,330 VLMC NN,33 Vascular,,36,3.1437337,0.0,0.4444444444444444
5260,5297 VLMC NN_1,1187 VLMC NN_1,330 VLMC NN,33 Vascular,,149,4.7518964,6.54555,0.6577181208053692
5261,5301 VLMC NN_2,1188 VLMC NN_2,330 VLMC NN,33 Vascular,,657,2.9623988,0.0,0.3926940639269406
5262,5300 VLMC NN_2,1188 VLMC NN_2,330 VLMC NN,33 Vascular,,7,4.867275,6.501914,0.7142857142857143
5263,5298 VLMC NN_1,1187 VLMC NN_1,330 VLMC NN,33 Vascular,,810,3.5229673,0.0,0.47901234567901235
5264,5302 VLMC NN_3,1189 VLMC NN_3,330 VLMC NN,33 Vascular,,24,3.0412369,0.0,0.4583333333333333
5265,5303 VLMC NN_4,1190 VLMC NN_4,330 VLMC NN,33 Vascular,,1,0.0,0.0,0.0
5266,5299 VLMC NN_1,1187 VLMC NN_1,330 VLMC NN,33 Vascular,,84,4.264509,6.3401875,0.5952380952380952
5267,5313 BAM NN_1,1195 BAM NN_1,335 BAM NN,34 Immune,,497,4.3000793,6.896097,0.5432595573440644
5268,5314 BAM NN_1,1195 BAM NN_1,335 BAM NN,34 Immune,,635,3.7830105,0.0,0.49921259842519683
5272,5320 ILC NN_2,1199 ILC NN_2,338 Lymphoid NN,34 Immune,,3,2.3601353,0.0,0.3333333333333333
5273,5322 T cells NN_4,1201 T cells NN_4,338 Lymphoid NN,34 Immune,,26,0.912414,0.0,0.11538461538461539
5274,5321 NK cells NN_3,1200 NK cells NN_3,338 Lymphoid NN,34 Immune,,20,0.7999157,0.0,0.1
5275,5319 B cells NN_1,1198 B cells NN_1,338 Lymphoid NN,34 Immune,,2,0.0,0.0,0.0
5276,5315 Monocytes NN_1,1196 Monocytes NN_1,336 Monocytes NN,34 Immune,,3,0.0,0.0,0.0
5277,5316 DC NN_1,1197 DC NN_1,337 DC NN,34 Immune,,4,1.3851435,0.0,0.25
5278,5317 DC NN_1,1197 DC NN_1,337 DC NN,34 Immune,,2,6.870175,6.870175,1.0
5279,5318 DC NN_1,1197 DC NN_1,337 DC NN,34 Immune,,26,2.8948174,0.0,0.4230769230769231
5283,5312 Microglia NN_1,1194 Microglia NN_1,334 Microglia NN,34 Immune,,14029,3.8301475,0.0,0.4823579727706893
5339,0684 Sncg Gaba_8,0192 Sncg Gaba_8,047 Sncg Gaba,06 CTX-CGE GABA,GABA,20,2.801223,3.8053112,0.55
5343,0677 Sncg Gaba_3,0187 Sncg Gaba_3,047 Sncg Gaba,06 CTX-CGE GABA,GABA,69,2.4960923,0.0,0.4782608695652174
14851,5224 Astro-TE NN_3,1163 Astro-TE NN_3,319 Astro-TE NN,30 Astro-Epen,,7,1.2770642,0.0,0.14285714285714285
14852,5239 Astroependymal NN_1,1169 Astroependymal NN_1,321 Astroependymal NN,30 Astro-Epen,,14,3.9993002,3.4781182,0.5
14859,5228 Astro-TE NN_4,1164 Astro-TE NN_4,319 Astro-TE NN,30 Astro-Epen,,98,2.4212196,0.0,0.32653061224489793
14865,5237 Astroependymal NN_1,1169 Astroependymal NN_1,321 Astroependymal NN,30 Astro-Epen,,4,1.8216069,0.0,0.25
14871,5238 Astroependymal NN_1,1169 Astroependymal NN_1,321 Astroependymal NN,30 Astro-Epen,,21,2.0950522,0.0,0.2857142857142857
14872,5211 Astro-NT NN_1,1159 Astro-NT NN_1,318 Astro-NT NN,30 Astro-Epen,,3,7.1028085,7.5544796,1.0
14878,5251 Ependymal NN_1,1175 Ependymal NN_1,323 Ependymal NN,30 Astro-Epen,,1,6.457727,6.457727,1.0
14919,5243 Tanycyte NN_1,1172 Tanycyte NN_1,322 Tanycyte NN,30 Astro-Epen,,3,6.9473786,7.1540356,1.0
14920,5222 Astro-TE NN_2,1162 Astro-TE NN_2,319 Astro-TE NN,30 Astro-Epen,,370,4.3644156,6.757617,0.572972972972973
14925,5223 Astro-TE NN_2,1162 Astro-TE NN_2,319 Astro-TE NN,30 Astro-Epen,,10,5.5600615,6.2390532,0.8
14926,5218 Astro-TE NN_1,1161 Astro-TE NN_1,319 Astro-TE NN,30 Astro-Epen,,873,2.5654724,0.0,0.3654066437571592
14930,5219 Astro-TE NN_1,1161 Astro-TE NN_1,319 Astro-TE NN,30 Astro-Epen,,205,1.7424717,0.0,0.23902439024390243
14932,5220 Astro-TE NN_1,1161 Astro-TE NN_1,319 Astro-TE NN,30 Astro-Epen,,56,2.4122443,0.0,0.30357142857142855
14933,5221 Astro-TE NN_1,1161 Astro-TE NN_1,319 Astro-TE NN,30 Astro-Epen,Glut,395,2.4144237,0.0,0.3468354430379747
14939,5225 Astro-TE NN_3,1163 Astro-TE NN_3,319 Astro-TE NN,30 Astro-Epen,,37420,3.6526728,0.0,0.4945216461785142
14945,5226 Astro-TE NN_3,1163 Astro-TE NN_3,319 Astro-TE NN,30 Astro-Epen,,57,3.073713,0.0,0.3684210526315789
14947,5227 Astro-TE NN_3,1163 Astro-TE NN_3,319 Astro-TE NN,30 Astro-Epen,,2,6.8973207,6.8973207,1.0
14954,5229 Astro-TE NN_5,1165 Astro-TE NN_5,319 Astro-TE NN,30 Astro-Epen,,5,1.6797262,0.0,0.2
14956,5214 Astro-NT NN_2,1160 Astro-NT NN_2,318 Astro-NT NN,30 Astro-Epen,,163,3.6866739,0.0,0.48466257668711654
14962,5215 Astro-NT NN_2,1160 Astro-NT NN_2,318 Astro-NT NN,30 Astro-Epen,,13,4.9322357,6.5389705,0.6923076923076923
14980,5209 Astro-NT NN_1,1159 Astro-NT NN_1,318 Astro-NT NN,30 Astro-Epen,,11,4.447701,6.120651,0.6363636363636364
14984,5264 CHOR NN_1,1178 CHOR NN_1,325 CHOR NN,30 Astro-Epen,,10,2.8438911,2.428723,0.5
14985,5265 CHOR NN_1,1178 CHOR NN_1,325 CHOR NN,30 Astro-Epen,Glut,114,4.064351,5.3672724,0.6929824561403509
14986,5252 Ependymal NN_1,1175 Ependymal NN_1,323 Ependymal NN,30 Astro-Epen,,1,7.415624,7.415624,1.0
14990,5256 Ependymal NN_1,1175 Ependymal NN_1,323 Ependymal NN,30 Astro-Epen,,15,3.6837218,5.56359,0.5333333333333333
14991,5257 Ependymal NN_1,1175 Ependymal NN_1,323 Ependymal NN,30 Astro-Epen,,8,4.4815674,6.6300874,0.625
14993,5258 Ependymal NN_1,1175 Ependymal NN_1,323 Ependymal NN,30 Astro-Epen,,2,0.0,0.0,0.0
